-- Generated by Craft v1.3.2494 on Feb 28, 2014 3:38:22 AM.

--
-- Disable foreign key checks and autocommit.
--

SET FOREIGN_KEY_CHECKS = 0;
SET SQL_MODE = "NO_AUTO_VALUE_ON_ZERO";
SET AUTOCOMMIT = 0;
SET NAMES utf8;


--
-- Schema for table `craft_assetfiles`
--

DROP TABLE IF EXISTS `craft_assetfiles`;

CREATE TABLE `craft_assetfiles` (
  `id` int(11) NOT NULL,
  `sourceId` int(11) NOT NULL,
  `folderId` int(11) NOT NULL,
  `filename` varchar(255) COLLATE utf8_unicode_ci NOT NULL,
  `kind` varchar(50) COLLATE utf8_unicode_ci NOT NULL DEFAULT 'unknown',
  `width` smallint(6) unsigned DEFAULT NULL,
  `height` smallint(6) unsigned DEFAULT NULL,
  `size` int(11) unsigned DEFAULT NULL,
  `dateModified` datetime DEFAULT NULL,
  `dateCreated` datetime NOT NULL,
  `dateUpdated` datetime NOT NULL,
  `uid` char(36) COLLATE utf8_unicode_ci NOT NULL DEFAULT '0',
  PRIMARY KEY (`id`),
  UNIQUE KEY `craft_assetfiles_filename_folderId_unq_idx` (`filename`,`folderId`),
  KEY `craft_assetfiles_sourceId_fk` (`sourceId`),
  KEY `craft_assetfiles_folderId_fk` (`folderId`)
) ENGINE=InnoDB DEFAULT CHARSET=utf8 COLLATE=utf8_unicode_ci;

--
-- Data for table `craft_assetfiles`
--

INSERT INTO `craft_assetfiles` (`id`, `sourceId`, `folderId`, `filename`, `kind`, `width`, `height`, `size`, `dateModified`, `dateCreated`, `dateUpdated`, `uid`) VALUES ('8', '1', '1', '1600x1200.gif', 'image', '1600', '1200', '75599', '2014-02-27 20:03:10', '2014-02-27 20:03:10', '2014-02-27 20:03:10', 'b3b5e510-b39a-4483-8bb3-98a37c784f40');



--
-- Schema for table `craft_assetfolders`
--

DROP TABLE IF EXISTS `craft_assetfolders`;

CREATE TABLE `craft_assetfolders` (
  `id` int(11) NOT NULL AUTO_INCREMENT,
  `parentId` int(11) DEFAULT NULL,
  `sourceId` int(11) NOT NULL,
  `name` varchar(255) COLLATE utf8_unicode_ci NOT NULL,
  `fullPath` varchar(255) COLLATE utf8_unicode_ci DEFAULT NULL,
  `dateCreated` datetime NOT NULL,
  `dateUpdated` datetime NOT NULL,
  `uid` char(36) COLLATE utf8_unicode_ci NOT NULL DEFAULT '0',
  PRIMARY KEY (`id`),
  UNIQUE KEY `craft_assetfolders_name_parentId_sourceId_unq_idx` (`name`,`parentId`,`sourceId`),
  KEY `craft_assetfolders_parentId_fk` (`parentId`),
  KEY `craft_assetfolders_sourceId_fk` (`sourceId`)
) ENGINE=InnoDB AUTO_INCREMENT=2 DEFAULT CHARSET=utf8 COLLATE=utf8_unicode_ci;

--
-- Data for table `craft_assetfolders`
--

INSERT INTO `craft_assetfolders` (`id`, `parentId`, `sourceId`, `name`, `fullPath`, `dateCreated`, `dateUpdated`, `uid`) VALUES ('1', NULL, '1', 'Blog', '', '2014-02-27 19:59:57', '2014-02-27 19:59:57', 'ebfb9ddf-a457-4f3b-ad72-cdf306636074');



--
-- Schema for table `craft_assetindexdata`
--

DROP TABLE IF EXISTS `craft_assetindexdata`;

CREATE TABLE `craft_assetindexdata` (
  `id` int(11) NOT NULL AUTO_INCREMENT,
  `sessionId` varchar(36) COLLATE utf8_unicode_ci NOT NULL DEFAULT '',
  `sourceId` int(10) NOT NULL,
  `offset` int(10) NOT NULL,
  `uri` varchar(255) COLLATE utf8_unicode_ci DEFAULT NULL,
  `size` int(10) DEFAULT NULL,
  `recordId` int(10) DEFAULT NULL,
  `dateCreated` datetime NOT NULL,
  `dateUpdated` datetime NOT NULL,
  `uid` char(36) COLLATE utf8_unicode_ci NOT NULL DEFAULT '0',
  PRIMARY KEY (`id`),
  UNIQUE KEY `craft_assetindexdata_sessionId_sourceId_offset_unq_idx` (`sessionId`,`sourceId`,`offset`),
  KEY `craft_assetindexdata_sourceId_fk` (`sourceId`)
) ENGINE=InnoDB DEFAULT CHARSET=utf8 COLLATE=utf8_unicode_ci;

--
-- Schema for table `craft_assetsources`
--

DROP TABLE IF EXISTS `craft_assetsources`;

CREATE TABLE `craft_assetsources` (
  `id` int(11) NOT NULL AUTO_INCREMENT,
  `name` varchar(255) COLLATE utf8_unicode_ci NOT NULL,
  `type` char(150) COLLATE utf8_unicode_ci NOT NULL,
  `settings` text COLLATE utf8_unicode_ci,
  `sortOrder` tinyint(4) DEFAULT NULL,
  `dateCreated` datetime NOT NULL,
  `dateUpdated` datetime NOT NULL,
  `uid` char(36) COLLATE utf8_unicode_ci NOT NULL DEFAULT '0',
  PRIMARY KEY (`id`),
  UNIQUE KEY `craft_assetsources_name_unq_idx` (`name`)
) ENGINE=InnoDB AUTO_INCREMENT=2 DEFAULT CHARSET=utf8 COLLATE=utf8_unicode_ci;

--
-- Data for table `craft_assetsources`
--

INSERT INTO `craft_assetsources` (`id`, `name`, `type`, `settings`, `sortOrder`, `dateCreated`, `dateUpdated`, `uid`) VALUES ('1', 'Blog', 'Local', '{\"path\":\"..\\/public\\/images\\/blog\\/\",\"url\":\"\\/images\\/blog\\/\"}', '1', '2014-02-27 19:59:57', '2014-02-27 19:59:57', 'c5180fc0-c91b-4960-aea5-973680b340dd');



--
-- Schema for table `craft_assettransformindex`
--

DROP TABLE IF EXISTS `craft_assettransformindex`;

CREATE TABLE `craft_assettransformindex` (
  `id` int(11) NOT NULL AUTO_INCREMENT,
  `fileId` int(11) NOT NULL,
  `location` varchar(255) COLLATE utf8_unicode_ci NOT NULL,
  `sourceId` int(11) NOT NULL,
  `fileExists` tinyint(1) DEFAULT NULL,
  `inProgress` tinyint(1) DEFAULT NULL,
  `dateIndexed` datetime DEFAULT NULL,
  `dateCreated` datetime NOT NULL,
  `dateUpdated` datetime NOT NULL,
  `uid` char(36) COLLATE utf8_unicode_ci NOT NULL DEFAULT '0',
  PRIMARY KEY (`id`),
  KEY `craft_assettransformindex_sourceId_fileId_location_idx` (`sourceId`,`fileId`,`location`)
) ENGINE=InnoDB DEFAULT CHARSET=utf8 COLLATE=utf8_unicode_ci;

--
-- Schema for table `craft_assettransforms`
--

DROP TABLE IF EXISTS `craft_assettransforms`;

CREATE TABLE `craft_assettransforms` (
  `id` int(11) NOT NULL AUTO_INCREMENT,
  `name` varchar(255) COLLATE utf8_unicode_ci NOT NULL,
  `handle` varchar(255) COLLATE utf8_unicode_ci NOT NULL,
  `mode` enum('stretch','fit','crop') COLLATE utf8_unicode_ci NOT NULL DEFAULT 'crop',
  `position` enum('top-left','top-center','top-right','center-left','center-center','center-right','bottom-left','bottom-center','bottom-right') COLLATE utf8_unicode_ci NOT NULL DEFAULT 'center-center',
  `height` int(10) DEFAULT NULL,
  `width` int(10) DEFAULT NULL,
  `dimensionChangeTime` datetime DEFAULT NULL,
  `dateCreated` datetime NOT NULL,
  `dateUpdated` datetime NOT NULL,
  `uid` char(36) COLLATE utf8_unicode_ci NOT NULL DEFAULT '0',
  PRIMARY KEY (`id`),
  UNIQUE KEY `craft_assettransforms_name_unq_idx` (`name`),
  UNIQUE KEY `craft_assettransforms_handle_unq_idx` (`handle`)
) ENGINE=InnoDB DEFAULT CHARSET=utf8 COLLATE=utf8_unicode_ci;

--
-- Schema for table `craft_content`
--

DROP TABLE IF EXISTS `craft_content`;

CREATE TABLE `craft_content` (
  `id` int(11) NOT NULL AUTO_INCREMENT,
  `elementId` int(11) NOT NULL,
  `locale` char(12) COLLATE utf8_unicode_ci NOT NULL,
  `title` varchar(255) COLLATE utf8_unicode_ci DEFAULT NULL,
  `field_heading` text COLLATE utf8_unicode_ci,
  `field_body` text COLLATE utf8_unicode_ci,
  `field_postBody` text COLLATE utf8_unicode_ci,
  `field_postIntro` text COLLATE utf8_unicode_ci,
  `dateCreated` datetime NOT NULL,
  `dateUpdated` datetime NOT NULL,
  `uid` char(36) COLLATE utf8_unicode_ci NOT NULL DEFAULT '0',
  PRIMARY KEY (`id`),
  UNIQUE KEY `craft_content_elementId_locale_unq_idx` (`elementId`,`locale`),
  KEY `craft_content_title_idx` (`title`),
  KEY `craft_content_locale_fk` (`locale`)
) ENGINE=InnoDB AUTO_INCREMENT=10 DEFAULT CHARSET=utf8 COLLATE=utf8_unicode_ci;

--
-- Data for table `craft_content`
--

INSERT INTO `craft_content` (`id`, `elementId`, `locale`, `title`, `field_heading`, `field_body`, `field_postBody`, `field_postIntro`, `dateCreated`, `dateUpdated`, `uid`) VALUES ('1', '1', 'en_us', NULL, NULL, NULL, NULL, NULL, '2014-02-27 02:47:50', '2014-02-27 02:47:50', '16cbccfe-6e5f-4cc5-ae3e-0d84495229e0');
INSERT INTO `craft_content` (`id`, `elementId`, `locale`, `title`, `field_heading`, `field_body`, `field_postBody`, `field_postIntro`, `dateCreated`, `dateUpdated`, `uid`) VALUES ('2', '2', 'en_us', 'Homepage', 'Welcome to Localhost!', '<p>It’s true, this site doesn’t have a whole lot of content yet, but don’t worry. Our web developers have just installed the CMS, and they’re setting things up for the content editors this very moment. Soon Localhost will be an oasis of fresh perspectives, sharp analyses, and astute opinions that will keep you coming back again and again.</p>', NULL, NULL, '2014-02-27 02:47:51', '2014-02-27 05:04:09', 'd2a0de02-a182-4bfc-a56a-ed8307170d80');
INSERT INTO `craft_content` (`id`, `elementId`, `locale`, `title`, `field_heading`, `field_body`, `field_postBody`, `field_postIntro`, `dateCreated`, `dateUpdated`, `uid`) VALUES ('3', '3', 'en_us', 'We just installed Craft!', NULL, '<p>Craft is the CMS that’s powering Localhost. It’s beautiful, powerful, flexible, and easy-to-use, and it’s made by Pixel &amp; Tonic. We can’t wait to dive in and see what it’s capable of!</p><!--pagebreak--><p>This is even more captivating content, which you couldn’t see on the News index page because it was entered after a Page Break, and the News index template only likes to show the content on the first page.</p><p>Craft: a nice alternative to Word, if you’re making a website.</p>', NULL, NULL, '2014-02-27 02:47:52', '2014-02-27 02:47:52', 'd5c539c4-17b7-4f18-a0b8-79afe44e08c5');
INSERT INTO `craft_content` (`id`, `elementId`, `locale`, `title`, `field_heading`, `field_body`, `field_postBody`, `field_postIntro`, `dateCreated`, `dateUpdated`, `uid`) VALUES ('5', '4', 'en_us', 'About', NULL, NULL, NULL, NULL, '2014-02-27 05:06:12', '2014-02-27 05:06:12', '6c57de53-dba6-4721-b6ed-75d4629569fa');
INSERT INTO `craft_content` (`id`, `elementId`, `locale`, `title`, `field_heading`, `field_body`, `field_postBody`, `field_postIntro`, `dateCreated`, `dateUpdated`, `uid`) VALUES ('6', '5', 'en_us', 'Standard post with goodies', NULL, NULL, '<p>Etiam in nulla arcu, ut vehicula velit. Vivamus dapibus rutrum mi ut aliquam. In hac habitasse platea dictumst. Integer sagittis neque a tortor tempor in porta sem vulputate. Donec varius felis fermentum nisl imperdiet at molestie purus porta.</p><p>Etiam in nulla arcu, ut vehicula velit. Vivamus dapibus rutrum mi ut aliquam. In hac habitasse platea dictumst. Integer sagittis neque a tortor tempor in porta sem vulputate. Donec varius felis fermentum nisl imperdiet at molestie purus porta.</p><h2>Heading 2</h2><p>Etiam in nulla arcu, ut vehicula velit. Vivamus dapibus rutrum mi ut aliquam. In hac habitasse platea dictumst. Integer sagittis neque a tortor tempor in porta sem vulputate. Donec varius felis fermentum nisl imperdiet at molestie purus porta.</p><h3>Heading 3</h3><p>Etiam in nulla arcu, ut vehicula velit. Vivamus dapibus rutrum mi ut aliquam. In hac habitasse platea dictumst. Integer sagittis neque a tortor tempor in porta sem vulputate. Donec varius felis fermentum nisl imperdiet at molestie purus porta.</p><p><strong>Blockquote</strong></p><blockquote>\"This is a sample blockquote. Donec varius felis fermentum nisl imperdiet at molestie purus porta. </blockquote><p><strong>Code</strong></p><p>						<code>\r\n.some-style {\r\nwidth: 960px;\r\nheight: 200px;\r\nmargin: 0 auto;\r\nbackground-color: #000000;\r\n}\r\n						</code>\r\n						</p><h4>Heading 4</h4><p>Etiam in nulla arcu, ut vehicula velit. Vivamus dapibus rutrum mi ut aliquam. In hac habitasse platea dictumst. Integer sagittis neque a tortor tempor in porta sem vulputate. Donec varius felis fermentum nisl imperdiet at molestie purus porta.</p><h5>Heading 5</h5><p>Etiam in nulla arcu, ut vehicula velit. Vivamus dapibus rutrum mi ut aliquam. In hac habitasse platea dictumst. Integer sagittis neque a tortor tempor in porta sem vulputate. Donec varius felis fermentum nisl imperdiet at molestie purus porta.</p><h6>Heading 6</h6><p>Etiam in nulla arcu, ut vehicula velit. Vivamus dapibus rutrum mi ut aliquam. In hac habitasse platea dictumst. Integer sagittis neque a tortor tempor in porta sem vulputate. Donec varius felis fermentum nisl imperdiet at molestie purus porta.</p>', '<p>Etiam in nulla arcu, ut vehicula velit. Vivamus dapibus rutrum mi ut aliquam. In hac habitasse platea dictumst. Integer sagittis neque a tortor tempor in porta sem vulputate. Donec varius felis fermentum nisl imperdiet at molestie purus porta.</p>', '2014-02-27 05:43:35', '2014-02-27 20:05:11', '41078d63-63e7-4ab1-95df-b1a842ed7581');
INSERT INTO `craft_content` (`id`, `elementId`, `locale`, `title`, `field_heading`, `field_body`, `field_postBody`, `field_postIntro`, `dateCreated`, `dateUpdated`, `uid`) VALUES ('7', '6', 'en_us', 'Another blog post with a super duper long Blog Post Title', NULL, NULL, '<p>Etiam in nulla arcu, ut vehicula velit. Vivamus dapibus rutrum mi ut aliquam. In hac habitasse platea dictumst. Integer sagittis neque a tortor tempor in porta sem vulputate. Donec varius felis fermentum nisl imperdiet at molestie purus porta.</p><p>Etiam in nulla arcu, ut vehicula velit. Vivamus dapibus rutrum mi ut aliquam. In hac habitasse platea dictumst. Integer sagittis neque a tortor tempor in porta sem vulputate. Donec varius felis fermentum nisl imperdiet at molestie purus porta.</p><h2>Heading 2</h2><p>Etiam in nulla arcu, ut vehicula velit. Vivamus dapibus rutrum mi ut aliquam. In hac habitasse platea dictumst. Integer sagittis neque a tortor tempor in porta sem vulputate. Donec varius felis fermentum nisl imperdiet at molestie purus porta.</p><h3>Heading 3</h3><p>Etiam in nulla arcu, ut vehicula velit. Vivamus dapibus rutrum mi ut aliquam. In hac habitasse platea dictumst. Integer sagittis neque a tortor tempor in porta sem vulputate. Donec varius felis fermentum nisl imperdiet at molestie purus porta.</p><p><strong>Blockquote</strong></p><blockquote>\"This is a sample blockquote. Donec varius felis fermentum nisl imperdiet at molestie purus porta. </blockquote><p><strong>Code</strong></p><p>						<code>\r\n.some-style {\r\nwidth: 960px;\r\nheight: 200px;\r\nmargin: 0 auto;\r\nbackground-color: #000000;\r\n}\r\n						</code>\r\n						</p><h4>Heading 4</h4><p>Etiam in nulla arcu, ut vehicula velit. Vivamus dapibus rutrum mi ut aliquam. In hac habitasse platea dictumst. Integer sagittis neque a tortor tempor in porta sem vulputate. Donec varius felis fermentum nisl imperdiet at molestie purus porta.</p><h5>Heading 5</h5><p>Etiam in nulla arcu, ut vehicula velit. Vivamus dapibus rutrum mi ut aliquam. In hac habitasse platea dictumst. Integer sagittis neque a tortor tempor in porta sem vulputate. Donec varius felis fermentum nisl imperdiet at molestie purus porta.</p><h6>Heading 6</h6><p>Etiam in nulla arcu, ut vehicula velit. Vivamus dapibus rutrum mi ut aliquam. In hac habitasse platea dictumst. Integer sagittis neque a tortor tempor in porta sem vulputate. Donec varius felis fermentum nisl imperdiet at molestie purus porta.</p>', '<p>Etiam in nulla arcu, ut vehicula velit. Vivamus dapibus rutrum mi ut aliquam. In hac habitasse platea dictumst. Integer sagittis neque a tortor tempor in porta sem vulputate. Donec varius felis fermentum nisl imperdiet at molestie purus porta.</p>', '2014-02-27 05:44:12', '2014-02-27 20:05:21', '1172391c-9d66-4104-908e-13ed9f2f2b12');
INSERT INTO `craft_content` (`id`, `elementId`, `locale`, `title`, `field_heading`, `field_body`, `field_postBody`, `field_postIntro`, `dateCreated`, `dateUpdated`, `uid`) VALUES ('8', '7', 'en_us', 'Contact', NULL, NULL, NULL, NULL, '2014-02-27 06:49:27', '2014-02-27 06:49:39', '42e36526-c64f-4708-8612-04b6a4ac6519');
INSERT INTO `craft_content` (`id`, `elementId`, `locale`, `title`, `field_heading`, `field_body`, `field_postBody`, `field_postIntro`, `dateCreated`, `dateUpdated`, `uid`) VALUES ('9', '8', 'en_us', '1600x1200', NULL, NULL, NULL, NULL, '2014-02-27 20:03:10', '2014-02-27 20:03:10', '314a9c34-1898-47da-8d3c-4ce8cd5238ba');



--
-- Schema for table `craft_elements`
--

DROP TABLE IF EXISTS `craft_elements`;

CREATE TABLE `craft_elements` (
  `id` int(11) NOT NULL AUTO_INCREMENT,
  `type` char(150) COLLATE utf8_unicode_ci NOT NULL,
  `enabled` tinyint(1) unsigned NOT NULL DEFAULT '1',
  `archived` tinyint(1) unsigned NOT NULL DEFAULT '0',
  `dateCreated` datetime NOT NULL,
  `dateUpdated` datetime NOT NULL,
  `uid` char(36) COLLATE utf8_unicode_ci NOT NULL DEFAULT '0',
  PRIMARY KEY (`id`),
  KEY `craft_elements_type_idx` (`type`),
  KEY `craft_elements_enabled_idx` (`enabled`),
  KEY `craft_elements_archived_idx` (`archived`)
) ENGINE=InnoDB AUTO_INCREMENT=9 DEFAULT CHARSET=utf8 COLLATE=utf8_unicode_ci;

--
-- Data for table `craft_elements`
--

INSERT INTO `craft_elements` (`id`, `type`, `enabled`, `archived`, `dateCreated`, `dateUpdated`, `uid`) VALUES ('1', 'User', '1', '0', '2014-02-27 02:47:50', '2014-02-27 02:47:50', '966d3612-b8f0-49ff-98c4-e60b85d92443');
INSERT INTO `craft_elements` (`id`, `type`, `enabled`, `archived`, `dateCreated`, `dateUpdated`, `uid`) VALUES ('2', 'Entry', '1', '0', '2014-02-27 02:47:51', '2014-02-27 05:04:09', '13ef9fe5-a74d-44ba-a1fd-305095ecbed2');
INSERT INTO `craft_elements` (`id`, `type`, `enabled`, `archived`, `dateCreated`, `dateUpdated`, `uid`) VALUES ('3', 'Entry', '1', '0', '2014-02-27 02:47:52', '2014-02-27 02:47:52', '0b712eab-2fb7-43df-b2e7-a8ccd5895651');
INSERT INTO `craft_elements` (`id`, `type`, `enabled`, `archived`, `dateCreated`, `dateUpdated`, `uid`) VALUES ('4', 'Entry', '1', '0', '2014-02-27 05:06:12', '2014-02-27 05:06:12', '1c3dcb83-6edb-4510-a382-12c764152dd9');
INSERT INTO `craft_elements` (`id`, `type`, `enabled`, `archived`, `dateCreated`, `dateUpdated`, `uid`) VALUES ('5', 'Entry', '1', '0', '2014-02-27 05:43:35', '2014-02-27 20:05:11', 'b551ccad-8899-45be-930e-8ac07ea4d508');
INSERT INTO `craft_elements` (`id`, `type`, `enabled`, `archived`, `dateCreated`, `dateUpdated`, `uid`) VALUES ('6', 'Entry', '1', '0', '2014-02-27 05:44:12', '2014-02-27 20:05:21', 'dca19d63-a10d-4f23-a1fd-2b0c57452466');
INSERT INTO `craft_elements` (`id`, `type`, `enabled`, `archived`, `dateCreated`, `dateUpdated`, `uid`) VALUES ('7', 'Entry', '1', '0', '2014-02-27 06:49:27', '2014-02-27 06:49:39', '09c53c46-be8a-48cf-a5b0-ab9584ad3bd5');
INSERT INTO `craft_elements` (`id`, `type`, `enabled`, `archived`, `dateCreated`, `dateUpdated`, `uid`) VALUES ('8', 'Asset', '1', '0', '2014-02-27 20:03:10', '2014-02-27 20:03:10', 'd83d62ac-b4ed-492d-9c88-765c47248afa');



--
-- Schema for table `craft_elements_i18n`
--

DROP TABLE IF EXISTS `craft_elements_i18n`;

CREATE TABLE `craft_elements_i18n` (
  `id` int(11) NOT NULL AUTO_INCREMENT,
  `elementId` int(11) NOT NULL,
  `locale` char(12) COLLATE utf8_unicode_ci NOT NULL,
  `uri` varchar(255) COLLATE utf8_unicode_ci DEFAULT NULL,
  `dateCreated` datetime NOT NULL,
  `dateUpdated` datetime NOT NULL,
  `uid` char(36) COLLATE utf8_unicode_ci NOT NULL DEFAULT '0',
  PRIMARY KEY (`id`),
  UNIQUE KEY `craft_elements_i18n_elementId_locale_unq_idx` (`elementId`,`locale`),
  UNIQUE KEY `craft_elements_i18n_uri_locale_unq_idx` (`uri`,`locale`),
  KEY `craft_elements_i18n_locale_fk` (`locale`)
) ENGINE=InnoDB AUTO_INCREMENT=8 DEFAULT CHARSET=utf8 COLLATE=utf8_unicode_ci;

--
-- Data for table `craft_elements_i18n`
--

INSERT INTO `craft_elements_i18n` (`id`, `elementId`, `locale`, `uri`, `dateCreated`, `dateUpdated`, `uid`) VALUES ('1', '2', 'en_us', '__home__', '2014-02-27 02:47:51', '2014-02-27 05:04:09', '48ed005d-1e7c-4f87-8ccf-6d4e1e17b79e');
INSERT INTO `craft_elements_i18n` (`id`, `elementId`, `locale`, `uri`, `dateCreated`, `dateUpdated`, `uid`) VALUES ('2', '3', 'en_us', 'news/2014/we-just-installed-craft', '2014-02-27 02:47:52', '2014-02-27 02:47:52', '4f1b4dcc-c5db-4856-8d59-5e65f87fc64e');
INSERT INTO `craft_elements_i18n` (`id`, `elementId`, `locale`, `uri`, `dateCreated`, `dateUpdated`, `uid`) VALUES ('4', '4', 'en_us', 'about', '2014-02-27 05:06:12', '2014-02-27 05:06:12', '5e14c843-1002-49b4-b2b1-eceedab4ebeb');
INSERT INTO `craft_elements_i18n` (`id`, `elementId`, `locale`, `uri`, `dateCreated`, `dateUpdated`, `uid`) VALUES ('5', '5', 'en_us', 'blog/standard-post-with-goodies', '2014-02-27 05:43:35', '2014-02-27 20:05:11', '7abb26c3-0228-491b-b137-3072ec746471');
INSERT INTO `craft_elements_i18n` (`id`, `elementId`, `locale`, `uri`, `dateCreated`, `dateUpdated`, `uid`) VALUES ('6', '6', 'en_us', 'blog/another-blog-post-with-a-super-duper-long-blog-post-title', '2014-02-27 05:44:12', '2014-02-27 20:05:21', 'd3417488-32d8-4366-ac52-34480cc39bc6');
INSERT INTO `craft_elements_i18n` (`id`, `elementId`, `locale`, `uri`, `dateCreated`, `dateUpdated`, `uid`) VALUES ('7', '7', 'en_us', 'contact', '2014-02-27 06:49:27', '2014-02-27 06:49:27', '1961e2b5-78ea-44d6-9509-a611d823123f');



--
-- Schema for table `craft_emailmessages`
--

DROP TABLE IF EXISTS `craft_emailmessages`;

CREATE TABLE `craft_emailmessages` (
  `id` int(11) NOT NULL AUTO_INCREMENT,
  `key` char(150) COLLATE utf8_unicode_ci NOT NULL,
  `locale` char(12) COLLATE utf8_unicode_ci NOT NULL,
  `subject` varchar(1000) COLLATE utf8_unicode_ci NOT NULL,
  `body` text COLLATE utf8_unicode_ci NOT NULL,
  `dateCreated` datetime NOT NULL,
  `dateUpdated` datetime NOT NULL,
  `uid` char(36) COLLATE utf8_unicode_ci NOT NULL DEFAULT '0',
  PRIMARY KEY (`id`),
  UNIQUE KEY `craft_emailmessages_key_locale_unq_idx` (`key`,`locale`),
  KEY `craft_emailmessages_locale_fk` (`locale`)
) ENGINE=InnoDB DEFAULT CHARSET=utf8 COLLATE=utf8_unicode_ci;

--
-- Schema for table `craft_entries`
--

DROP TABLE IF EXISTS `craft_entries`;

CREATE TABLE `craft_entries` (
  `id` int(11) NOT NULL,
  `sectionId` int(11) NOT NULL,
  `typeId` int(11) DEFAULT NULL,
  `authorId` int(11) DEFAULT NULL,
  `root` int(10) DEFAULT NULL,
  `lft` int(10) unsigned DEFAULT NULL,
  `rgt` int(10) unsigned DEFAULT NULL,
  `depth` smallint(6) unsigned DEFAULT NULL,
  `postDate` datetime DEFAULT NULL,
  `expiryDate` datetime DEFAULT NULL,
  `dateCreated` datetime NOT NULL,
  `dateUpdated` datetime NOT NULL,
  `uid` char(36) COLLATE utf8_unicode_ci NOT NULL DEFAULT '0',
  PRIMARY KEY (`id`),
  KEY `craft_entries_sectionId_idx` (`sectionId`),
  KEY `craft_entries_typeId_idx` (`typeId`),
  KEY `craft_entries_root_idx` (`root`),
  KEY `craft_entries_lft_idx` (`lft`),
  KEY `craft_entries_rgt_idx` (`rgt`),
  KEY `craft_entries_depth_idx` (`depth`),
  KEY `craft_entries_postDate_idx` (`postDate`),
  KEY `craft_entries_expiryDate_idx` (`expiryDate`),
  KEY `craft_entries_authorId_fk` (`authorId`)
) ENGINE=InnoDB DEFAULT CHARSET=utf8 COLLATE=utf8_unicode_ci;

--
-- Data for table `craft_entries`
--

INSERT INTO `craft_entries` (`id`, `sectionId`, `typeId`, `authorId`, `root`, `lft`, `rgt`, `depth`, `postDate`, `expiryDate`, `dateCreated`, `dateUpdated`, `uid`) VALUES ('2', '1', '1', NULL, NULL, NULL, NULL, NULL, '2014-02-27 05:04:09', NULL, '2014-02-27 02:47:51', '2014-02-27 05:04:09', 'f0c277ab-2a4e-48f7-89ee-3f7b938b4dc7');
INSERT INTO `craft_entries` (`id`, `sectionId`, `typeId`, `authorId`, `root`, `lft`, `rgt`, `depth`, `postDate`, `expiryDate`, `dateCreated`, `dateUpdated`, `uid`) VALUES ('3', '2', '2', '1', NULL, NULL, NULL, NULL, '2014-02-27 02:47:52', NULL, '2014-02-27 02:47:52', '2014-02-27 02:47:52', '7a09a96c-033f-4add-991f-56558da8f177');
INSERT INTO `craft_entries` (`id`, `sectionId`, `typeId`, `authorId`, `root`, `lft`, `rgt`, `depth`, `postDate`, `expiryDate`, `dateCreated`, `dateUpdated`, `uid`) VALUES ('4', '3', '3', NULL, NULL, NULL, NULL, NULL, '2014-02-27 05:06:12', NULL, '2014-02-27 05:06:12', '2014-02-27 05:06:12', '8c22a050-a6d9-41fe-a66e-1fc9a5d8df21');
INSERT INTO `craft_entries` (`id`, `sectionId`, `typeId`, `authorId`, `root`, `lft`, `rgt`, `depth`, `postDate`, `expiryDate`, `dateCreated`, `dateUpdated`, `uid`) VALUES ('5', '4', '4', '1', NULL, NULL, NULL, NULL, '2014-02-27 05:43:00', NULL, '2014-02-27 05:43:35', '2014-02-27 20:05:11', 'b3f34646-b9e1-4629-9b4e-125128973a0a');
INSERT INTO `craft_entries` (`id`, `sectionId`, `typeId`, `authorId`, `root`, `lft`, `rgt`, `depth`, `postDate`, `expiryDate`, `dateCreated`, `dateUpdated`, `uid`) VALUES ('6', '4', '4', '1', NULL, NULL, NULL, NULL, '2014-02-27 05:44:00', NULL, '2014-02-27 05:44:12', '2014-02-27 20:05:21', '8641f2e4-2278-4cea-92e1-0385d11dda93');
INSERT INTO `craft_entries` (`id`, `sectionId`, `typeId`, `authorId`, `root`, `lft`, `rgt`, `depth`, `postDate`, `expiryDate`, `dateCreated`, `dateUpdated`, `uid`) VALUES ('7', '5', '5', NULL, NULL, NULL, NULL, NULL, '2014-02-27 06:49:27', NULL, '2014-02-27 06:49:27', '2014-02-27 06:49:39', '08eaf795-690c-49a2-a9ec-3e3183fddeae');



--
-- Schema for table `craft_entries_i18n`
--

DROP TABLE IF EXISTS `craft_entries_i18n`;

CREATE TABLE `craft_entries_i18n` (
  `id` int(11) NOT NULL AUTO_INCREMENT,
  `entryId` int(11) NOT NULL,
  `sectionId` int(11) NOT NULL,
  `locale` char(12) COLLATE utf8_unicode_ci NOT NULL,
  `slug` varchar(255) COLLATE utf8_unicode_ci NOT NULL,
  `dateCreated` datetime NOT NULL,
  `dateUpdated` datetime NOT NULL,
  `uid` char(36) COLLATE utf8_unicode_ci NOT NULL DEFAULT '0',
  PRIMARY KEY (`id`),
  UNIQUE KEY `craft_entries_i18n_entryId_locale_unq_idx` (`entryId`,`locale`),
  UNIQUE KEY `craft_entries_i18n_slug_sectionId_locale_unq_idx` (`slug`,`sectionId`,`locale`),
  KEY `craft_entries_i18n_sectionId_fk` (`sectionId`),
  KEY `craft_entries_i18n_locale_fk` (`locale`)
) ENGINE=InnoDB AUTO_INCREMENT=8 DEFAULT CHARSET=utf8 COLLATE=utf8_unicode_ci;

--
-- Data for table `craft_entries_i18n`
--

INSERT INTO `craft_entries_i18n` (`id`, `entryId`, `sectionId`, `locale`, `slug`, `dateCreated`, `dateUpdated`, `uid`) VALUES ('1', '2', '1', 'en_us', 'homepage', '2014-02-27 02:47:51', '2014-02-27 05:04:09', '97837964-90da-42db-8599-8704f8c36cd4');
INSERT INTO `craft_entries_i18n` (`id`, `entryId`, `sectionId`, `locale`, `slug`, `dateCreated`, `dateUpdated`, `uid`) VALUES ('2', '3', '2', 'en_us', 'we-just-installed-craft', '2014-02-27 02:47:52', '2014-02-27 02:47:52', '4308ea75-8528-4f73-8ce1-8a73ac44e79e');
INSERT INTO `craft_entries_i18n` (`id`, `entryId`, `sectionId`, `locale`, `slug`, `dateCreated`, `dateUpdated`, `uid`) VALUES ('4', '4', '3', 'en_us', 'about', '2014-02-27 05:06:12', '2014-02-27 05:06:12', '0caa217d-267c-46bd-b47b-4672de79eb20');
INSERT INTO `craft_entries_i18n` (`id`, `entryId`, `sectionId`, `locale`, `slug`, `dateCreated`, `dateUpdated`, `uid`) VALUES ('5', '5', '4', 'en_us', 'standard-post-with-goodies', '2014-02-27 05:43:35', '2014-02-27 20:05:11', '000f1a5e-191c-4cb6-8a25-b641b6eb76ad');
INSERT INTO `craft_entries_i18n` (`id`, `entryId`, `sectionId`, `locale`, `slug`, `dateCreated`, `dateUpdated`, `uid`) VALUES ('6', '6', '4', 'en_us', 'another-blog-post-with-a-super-duper-long-blog-post-title', '2014-02-27 05:44:12', '2014-02-27 20:05:21', '53d92df1-a433-4bce-98bf-48e459d31951');
INSERT INTO `craft_entries_i18n` (`id`, `entryId`, `sectionId`, `locale`, `slug`, `dateCreated`, `dateUpdated`, `uid`) VALUES ('7', '7', '5', 'en_us', 'contact', '2014-02-27 06:49:27', '2014-02-27 06:49:27', '75512799-e92a-450a-b576-528a8830a1cb');



--
-- Schema for table `craft_entrydrafts`
--

DROP TABLE IF EXISTS `craft_entrydrafts`;

CREATE TABLE `craft_entrydrafts` (
  `id` int(11) NOT NULL AUTO_INCREMENT,
  `entryId` int(11) NOT NULL,
  `sectionId` int(11) NOT NULL,
  `creatorId` int(11) NOT NULL,
  `locale` char(12) COLLATE utf8_unicode_ci NOT NULL,
  `name` varchar(255) COLLATE utf8_unicode_ci DEFAULT NULL,
  `data` mediumtext COLLATE utf8_unicode_ci NOT NULL,
  `dateCreated` datetime NOT NULL,
  `dateUpdated` datetime NOT NULL,
  `uid` char(36) COLLATE utf8_unicode_ci NOT NULL DEFAULT '0',
  PRIMARY KEY (`id`),
  KEY `craft_entrydrafts_entryId_locale_idx` (`entryId`,`locale`),
  KEY `craft_entrydrafts_sectionId_fk` (`sectionId`),
  KEY `craft_entrydrafts_creatorId_fk` (`creatorId`),
  KEY `craft_entrydrafts_locale_fk` (`locale`)
) ENGINE=InnoDB DEFAULT CHARSET=utf8 COLLATE=utf8_unicode_ci;

--
-- Schema for table `craft_entrytypes`
--

DROP TABLE IF EXISTS `craft_entrytypes`;

CREATE TABLE `craft_entrytypes` (
  `id` int(11) NOT NULL AUTO_INCREMENT,
  `sectionId` int(11) NOT NULL,
  `fieldLayoutId` int(11) DEFAULT NULL,
  `name` varchar(255) COLLATE utf8_unicode_ci NOT NULL,
  `handle` varchar(255) COLLATE utf8_unicode_ci NOT NULL,
  `titleLabel` varchar(255) COLLATE utf8_unicode_ci DEFAULT 'Title',
  `sortOrder` tinyint(4) DEFAULT NULL,
  `dateCreated` datetime NOT NULL,
  `dateUpdated` datetime NOT NULL,
  `uid` char(36) COLLATE utf8_unicode_ci NOT NULL DEFAULT '0',
  PRIMARY KEY (`id`),
  UNIQUE KEY `craft_entrytypes_name_sectionId_unq_idx` (`name`,`sectionId`),
  UNIQUE KEY `craft_entrytypes_handle_sectionId_unq_idx` (`handle`,`sectionId`),
  KEY `craft_entrytypes_sectionId_fk` (`sectionId`),
  KEY `craft_entrytypes_fieldLayoutId_fk` (`fieldLayoutId`)
) ENGINE=InnoDB AUTO_INCREMENT=6 DEFAULT CHARSET=utf8 COLLATE=utf8_unicode_ci;

--
-- Data for table `craft_entrytypes`
--

INSERT INTO `craft_entrytypes` (`id`, `sectionId`, `fieldLayoutId`, `name`, `handle`, `titleLabel`, `sortOrder`, `dateCreated`, `dateUpdated`, `uid`) VALUES ('1', '1', '3', 'Homepage', 'homepage', 'Title', NULL, '2014-02-27 02:47:51', '2014-02-27 02:47:51', 'aeed9f15-3c9f-405f-a56e-10ccda0b5fbb');
INSERT INTO `craft_entrytypes` (`id`, `sectionId`, `fieldLayoutId`, `name`, `handle`, `titleLabel`, `sortOrder`, `dateCreated`, `dateUpdated`, `uid`) VALUES ('2', '2', '5', 'News', 'news', 'Title', NULL, '2014-02-27 02:47:52', '2014-02-27 02:47:52', 'faf3608a-a7a2-41f1-862e-3cc9c0490fec');
INSERT INTO `craft_entrytypes` (`id`, `sectionId`, `fieldLayoutId`, `name`, `handle`, `titleLabel`, `sortOrder`, `dateCreated`, `dateUpdated`, `uid`) VALUES ('3', '3', '6', 'About', 'about', 'Title', NULL, '2014-02-27 05:06:12', '2014-02-27 05:06:12', '5c13a594-2315-4475-98dd-b5a0b30280d3');
INSERT INTO `craft_entrytypes` (`id`, `sectionId`, `fieldLayoutId`, `name`, `handle`, `titleLabel`, `sortOrder`, `dateCreated`, `dateUpdated`, `uid`) VALUES ('4', '4', '12', 'Blog', 'blog', 'Title', NULL, '2014-02-27 05:31:11', '2014-02-27 20:04:30', '21e415df-cede-4fea-9cc3-3ac327134a63');
INSERT INTO `craft_entrytypes` (`id`, `sectionId`, `fieldLayoutId`, `name`, `handle`, `titleLabel`, `sortOrder`, `dateCreated`, `dateUpdated`, `uid`) VALUES ('5', '5', '11', 'Contact', 'contact', 'Title', NULL, '2014-02-27 06:49:27', '2014-02-27 06:49:27', '08053882-269c-44ae-b8a5-291a74ae8126');



--
-- Schema for table `craft_entryversions`
--

DROP TABLE IF EXISTS `craft_entryversions`;

CREATE TABLE `craft_entryversions` (
  `id` int(11) NOT NULL AUTO_INCREMENT,
  `entryId` int(11) NOT NULL,
  `sectionId` int(11) NOT NULL,
  `creatorId` int(11) DEFAULT NULL,
  `locale` char(12) COLLATE utf8_unicode_ci NOT NULL,
  `notes` tinytext COLLATE utf8_unicode_ci,
  `data` mediumtext COLLATE utf8_unicode_ci NOT NULL,
  `dateCreated` datetime NOT NULL,
  `dateUpdated` datetime NOT NULL,
  `uid` char(36) COLLATE utf8_unicode_ci NOT NULL DEFAULT '0',
  PRIMARY KEY (`id`),
  KEY `craft_entryversions_entryId_locale_idx` (`entryId`,`locale`),
  KEY `craft_entryversions_sectionId_fk` (`sectionId`),
  KEY `craft_entryversions_creatorId_fk` (`creatorId`),
  KEY `craft_entryversions_locale_fk` (`locale`)
) ENGINE=InnoDB AUTO_INCREMENT=9 DEFAULT CHARSET=utf8 COLLATE=utf8_unicode_ci;

--
-- Data for table `craft_entryversions`
--

INSERT INTO `craft_entryversions` (`id`, `entryId`, `sectionId`, `creatorId`, `locale`, `notes`, `data`, `dateCreated`, `dateUpdated`, `uid`) VALUES ('1', '5', '4', '1', 'en_us', NULL, '{\"authorId\":\"1\",\"title\":\"Standard post with goodies\",\"slug\":\"standard-post-with-goodies\",\"postDate\":1393479815,\"expiryDate\":null,\"enabled\":1,\"fields\":{\"4\":\"<p>Etiam in nulla arcu, ut vehicula velit. Vivamus dapibus rutrum mi ut aliquam. In hac habitasse platea dictumst. Integer sagittis neque a tortor tempor in porta sem vulputate. Donec varius felis fermentum nisl imperdiet at molestie purus porta.<\\/p><p>Etiam in nulla arcu, ut vehicula velit. Vivamus dapibus rutrum mi ut aliquam. In hac habitasse platea dictumst. Integer sagittis neque a tortor tempor in porta sem vulputate. Donec varius felis fermentum nisl imperdiet at molestie purus porta.<\\/p><h2>Heading 2<\\/h2><p>Etiam in nulla arcu, ut vehicula velit. Vivamus dapibus rutrum mi ut aliquam. In hac habitasse platea dictumst. Integer sagittis neque a tortor tempor in porta sem vulputate. Donec varius felis fermentum nisl imperdiet at molestie purus porta.<\\/p><h3>Heading 3<\\/h3><p>Etiam in nulla arcu, ut vehicula velit. Vivamus dapibus rutrum mi ut aliquam. In hac habitasse platea dictumst. Integer sagittis neque a tortor tempor in porta sem vulputate. Donec varius felis fermentum nisl imperdiet at molestie purus porta.<\\/p><p><strong>Blockquote<\\/strong><\\/p><blockquote>\\\"This is a sample blockquote. Donec varius felis fermentum nisl imperdiet at molestie purus porta. <\\/blockquote><p><strong>Code<\\/strong><\\/p><p>\\t\\t\\t\\t\\t\\t<code>\\r\\n.some-style {\\r\\nwidth: 960px;\\r\\nheight: 200px;\\r\\nmargin: 0 auto;\\r\\nbackground-color: #000000;\\r\\n}\\r\\n\\t\\t\\t\\t\\t\\t<\\/code>\\r\\n\\t\\t\\t\\t\\t\\t\\r\\n<\\/p><h4>Heading 4<\\/h4><p>Etiam in nulla arcu, ut vehicula velit. Vivamus dapibus rutrum mi ut aliquam. In hac habitasse platea dictumst. Integer sagittis neque a tortor tempor in porta sem vulputate. Donec varius felis fermentum nisl imperdiet at molestie purus porta.<\\/p><h5>Heading 5<\\/h5><p>Etiam in nulla arcu, ut vehicula velit. Vivamus dapibus rutrum mi ut aliquam. In hac habitasse platea dictumst. Integer sagittis neque a tortor tempor in porta sem vulputate. Donec varius felis fermentum nisl imperdiet at molestie purus porta.<\\/p><h6>Heading 6<\\/h6><p>Etiam in nulla arcu, ut vehicula velit. Vivamus dapibus rutrum mi ut aliquam. In hac habitasse platea dictumst. Integer sagittis neque a tortor tempor in porta sem vulputate. Donec varius felis fermentum nisl imperdiet at molestie purus porta.<\\/p>\"}}', '2014-02-27 05:43:35', '2014-02-27 05:43:35', '4ae5b633-730d-4a7c-b36d-77932265a0c1');
INSERT INTO `craft_entryversions` (`id`, `entryId`, `sectionId`, `creatorId`, `locale`, `notes`, `data`, `dateCreated`, `dateUpdated`, `uid`) VALUES ('2', '6', '4', '1', 'en_us', NULL, '{\"authorId\":\"1\",\"title\":\"Another blog post with a super duper long Blog Post Title\",\"slug\":\"another-blog-post-with-a-super-duper-long-blog-post-title\",\"postDate\":1393479852,\"expiryDate\":null,\"enabled\":1,\"fields\":{\"4\":\"<p>Etiam in nulla arcu, ut vehicula velit. Vivamus dapibus rutrum mi ut aliquam. In hac habitasse platea dictumst. Integer sagittis neque a tortor tempor in porta sem vulputate. Donec varius felis fermentum nisl imperdiet at molestie purus porta.<\\/p><p>Etiam in nulla arcu, ut vehicula velit. Vivamus dapibus rutrum mi ut aliquam. In hac habitasse platea dictumst. Integer sagittis neque a tortor tempor in porta sem vulputate. Donec varius felis fermentum nisl imperdiet at molestie purus porta.<\\/p><h2>Heading 2<\\/h2><p>Etiam in nulla arcu, ut vehicula velit. Vivamus dapibus rutrum mi ut aliquam. In hac habitasse platea dictumst. Integer sagittis neque a tortor tempor in porta sem vulputate. Donec varius felis fermentum nisl imperdiet at molestie purus porta.<\\/p><h3>Heading 3<\\/h3><p>Etiam in nulla arcu, ut vehicula velit. Vivamus dapibus rutrum mi ut aliquam. In hac habitasse platea dictumst. Integer sagittis neque a tortor tempor in porta sem vulputate. Donec varius felis fermentum nisl imperdiet at molestie purus porta.<\\/p><p><strong>Blockquote<\\/strong><\\/p><blockquote>\\\"This is a sample blockquote. Donec varius felis fermentum nisl imperdiet at molestie purus porta. <\\/blockquote><p><strong>Code<\\/strong><\\/p><p>\\t\\t\\t\\t\\t\\t<code>\\r\\n.some-style {\\r\\nwidth: 960px;\\r\\nheight: 200px;\\r\\nmargin: 0 auto;\\r\\nbackground-color: #000000;\\r\\n}\\r\\n\\t\\t\\t\\t\\t\\t<\\/code>\\r\\n\\t\\t\\t\\t\\t\\t\\r\\n<\\/p><h4>Heading 4<\\/h4><p>Etiam in nulla arcu, ut vehicula velit. Vivamus dapibus rutrum mi ut aliquam. In hac habitasse platea dictumst. Integer sagittis neque a tortor tempor in porta sem vulputate. Donec varius felis fermentum nisl imperdiet at molestie purus porta.<\\/p><h5>Heading 5<\\/h5><p>Etiam in nulla arcu, ut vehicula velit. Vivamus dapibus rutrum mi ut aliquam. In hac habitasse platea dictumst. Integer sagittis neque a tortor tempor in porta sem vulputate. Donec varius felis fermentum nisl imperdiet at molestie purus porta.<\\/p><h6>Heading 6<\\/h6><p>Etiam in nulla arcu, ut vehicula velit. Vivamus dapibus rutrum mi ut aliquam. In hac habitasse platea dictumst. Integer sagittis neque a tortor tempor in porta sem vulputate. Donec varius felis fermentum nisl imperdiet at molestie purus porta.<\\/p>\"}}', '2014-02-27 05:44:12', '2014-02-27 05:44:12', 'd8493e27-442e-4054-8cd7-d43854afaf36');
INSERT INTO `craft_entryversions` (`id`, `entryId`, `sectionId`, `creatorId`, `locale`, `notes`, `data`, `dateCreated`, `dateUpdated`, `uid`) VALUES ('3', '5', '4', '1', 'en_us', NULL, '{\"authorId\":\"1\",\"title\":\"Standard post with goodies\",\"slug\":\"standard-post-with-goodies\",\"postDate\":1393479780,\"expiryDate\":null,\"enabled\":1,\"fields\":{\"4\":\"<p>Etiam in nulla arcu, ut vehicula velit. Vivamus dapibus rutrum mi ut aliquam. In hac habitasse platea dictumst. Integer sagittis neque a tortor tempor in porta sem vulputate. Donec varius felis fermentum nisl imperdiet at molestie purus porta.<\\/p><p>Etiam in nulla arcu, ut vehicula velit. Vivamus dapibus rutrum mi ut aliquam. In hac habitasse platea dictumst. Integer sagittis neque a tortor tempor in porta sem vulputate. Donec varius felis fermentum nisl imperdiet at molestie purus porta.<\\/p><h2>Heading 2<\\/h2><p>Etiam in nulla arcu, ut vehicula velit. Vivamus dapibus rutrum mi ut aliquam. In hac habitasse platea dictumst. Integer sagittis neque a tortor tempor in porta sem vulputate. Donec varius felis fermentum nisl imperdiet at molestie purus porta.<\\/p><h3>Heading 3<\\/h3><p>Etiam in nulla arcu, ut vehicula velit. Vivamus dapibus rutrum mi ut aliquam. In hac habitasse platea dictumst. Integer sagittis neque a tortor tempor in porta sem vulputate. Donec varius felis fermentum nisl imperdiet at molestie purus porta.<\\/p><p><strong>Blockquote<\\/strong><\\/p><blockquote>\\\"This is a sample blockquote. Donec varius felis fermentum nisl imperdiet at molestie purus porta. <\\/blockquote><p><strong>Code<\\/strong><\\/p><p>\\t\\t\\t\\t\\t\\t<code>\\r\\n.some-style {\\r\\nwidth: 960px;\\r\\nheight: 200px;\\r\\nmargin: 0 auto;\\r\\nbackground-color: #000000;\\r\\n}\\r\\n\\t\\t\\t\\t\\t\\t<\\/code>\\r\\n\\t\\t\\t\\t\\t\\t<\\/p><h4>Heading 4<\\/h4><p>Etiam in nulla arcu, ut vehicula velit. Vivamus dapibus rutrum mi ut aliquam. In hac habitasse platea dictumst. Integer sagittis neque a tortor tempor in porta sem vulputate. Donec varius felis fermentum nisl imperdiet at molestie purus porta.<\\/p><h5>Heading 5<\\/h5><p>Etiam in nulla arcu, ut vehicula velit. Vivamus dapibus rutrum mi ut aliquam. In hac habitasse platea dictumst. Integer sagittis neque a tortor tempor in porta sem vulputate. Donec varius felis fermentum nisl imperdiet at molestie purus porta.<\\/p><h6>Heading 6<\\/h6><p>Etiam in nulla arcu, ut vehicula velit. Vivamus dapibus rutrum mi ut aliquam. In hac habitasse platea dictumst. Integer sagittis neque a tortor tempor in porta sem vulputate. Donec varius felis fermentum nisl imperdiet at molestie purus porta.<\\/p>\",\"5\":\"<p>Etiam in nulla arcu, ut vehicula velit. Vivamus dapibus rutrum mi ut aliquam. In hac habitasse platea dictumst. Integer sagittis neque a tortor tempor in porta sem vulputate. Donec varius felis fermentum nisl imperdiet at molestie purus porta.<\\/p>\"}}', '2014-02-27 05:49:02', '2014-02-27 05:49:02', 'd32a6060-a915-4cd0-88db-e71b21dfd794');
INSERT INTO `craft_entryversions` (`id`, `entryId`, `sectionId`, `creatorId`, `locale`, `notes`, `data`, `dateCreated`, `dateUpdated`, `uid`) VALUES ('4', '6', '4', '1', 'en_us', NULL, '{\"authorId\":\"1\",\"title\":\"Another blog post with a super duper long Blog Post Title\",\"slug\":\"another-blog-post-with-a-super-duper-long-blog-post-title\",\"postDate\":1393479840,\"expiryDate\":null,\"enabled\":1,\"fields\":{\"4\":\"<p>Etiam in nulla arcu, ut vehicula velit. Vivamus dapibus rutrum mi ut aliquam. In hac habitasse platea dictumst. Integer sagittis neque a tortor tempor in porta sem vulputate. Donec varius felis fermentum nisl imperdiet at molestie purus porta.<\\/p><p>Etiam in nulla arcu, ut vehicula velit. Vivamus dapibus rutrum mi ut aliquam. In hac habitasse platea dictumst. Integer sagittis neque a tortor tempor in porta sem vulputate. Donec varius felis fermentum nisl imperdiet at molestie purus porta.<\\/p><h2>Heading 2<\\/h2><p>Etiam in nulla arcu, ut vehicula velit. Vivamus dapibus rutrum mi ut aliquam. In hac habitasse platea dictumst. Integer sagittis neque a tortor tempor in porta sem vulputate. Donec varius felis fermentum nisl imperdiet at molestie purus porta.<\\/p><h3>Heading 3<\\/h3><p>Etiam in nulla arcu, ut vehicula velit. Vivamus dapibus rutrum mi ut aliquam. In hac habitasse platea dictumst. Integer sagittis neque a tortor tempor in porta sem vulputate. Donec varius felis fermentum nisl imperdiet at molestie purus porta.<\\/p><p><strong>Blockquote<\\/strong><\\/p><blockquote>\\\"This is a sample blockquote. Donec varius felis fermentum nisl imperdiet at molestie purus porta. <\\/blockquote><p><strong>Code<\\/strong><\\/p><p>\\t\\t\\t\\t\\t\\t<code>\\r\\n.some-style {\\r\\nwidth: 960px;\\r\\nheight: 200px;\\r\\nmargin: 0 auto;\\r\\nbackground-color: #000000;\\r\\n}\\r\\n\\t\\t\\t\\t\\t\\t<\\/code>\\r\\n\\t\\t\\t\\t\\t\\t<\\/p><h4>Heading 4<\\/h4><p>Etiam in nulla arcu, ut vehicula velit. Vivamus dapibus rutrum mi ut aliquam. In hac habitasse platea dictumst. Integer sagittis neque a tortor tempor in porta sem vulputate. Donec varius felis fermentum nisl imperdiet at molestie purus porta.<\\/p><h5>Heading 5<\\/h5><p>Etiam in nulla arcu, ut vehicula velit. Vivamus dapibus rutrum mi ut aliquam. In hac habitasse platea dictumst. Integer sagittis neque a tortor tempor in porta sem vulputate. Donec varius felis fermentum nisl imperdiet at molestie purus porta.<\\/p><h6>Heading 6<\\/h6><p>Etiam in nulla arcu, ut vehicula velit. Vivamus dapibus rutrum mi ut aliquam. In hac habitasse platea dictumst. Integer sagittis neque a tortor tempor in porta sem vulputate. Donec varius felis fermentum nisl imperdiet at molestie purus porta.<\\/p>\",\"5\":\"<p>Etiam in nulla arcu, ut vehicula velit. Vivamus dapibus rutrum mi ut aliquam. In hac habitasse platea dictumst. Integer sagittis neque a tortor tempor in porta sem vulputate. Donec varius felis fermentum nisl imperdiet at molestie purus porta.<\\/p>\"}}', '2014-02-27 05:49:08', '2014-02-27 05:49:08', '7be255ab-376d-4fc9-b6f4-beff6aa99801');
INSERT INTO `craft_entryversions` (`id`, `entryId`, `sectionId`, `creatorId`, `locale`, `notes`, `data`, `dateCreated`, `dateUpdated`, `uid`) VALUES ('5', '7', '5', '1', 'en_us', NULL, '{\"authorId\":null,\"title\":\"Contact\",\"slug\":\"contact\",\"postDate\":1393483767,\"expiryDate\":null,\"enabled\":1,\"fields\":[]}', '2014-02-27 06:49:39', '2014-02-27 06:49:39', '800fb375-1712-4201-92ad-03b032a95b3a');
INSERT INTO `craft_entryversions` (`id`, `entryId`, `sectionId`, `creatorId`, `locale`, `notes`, `data`, `dateCreated`, `dateUpdated`, `uid`) VALUES ('6', '5', '4', '1', 'en_us', NULL, '{\"authorId\":\"1\",\"title\":\"Standard post with goodies\",\"slug\":\"standard-post-with-goodies\",\"postDate\":1393479780,\"expiryDate\":null,\"enabled\":1,\"fields\":{\"4\":\"<p>Etiam in nulla arcu, ut vehicula velit. Vivamus dapibus rutrum mi ut aliquam. In hac habitasse platea dictumst. Integer sagittis neque a tortor tempor in porta sem vulputate. Donec varius felis fermentum nisl imperdiet at molestie purus porta.<\\/p><p>Etiam in nulla arcu, ut vehicula velit. Vivamus dapibus rutrum mi ut aliquam. In hac habitasse platea dictumst. Integer sagittis neque a tortor tempor in porta sem vulputate. Donec varius felis fermentum nisl imperdiet at molestie purus porta.<\\/p><h2>Heading 2<\\/h2><p>Etiam in nulla arcu, ut vehicula velit. Vivamus dapibus rutrum mi ut aliquam. In hac habitasse platea dictumst. Integer sagittis neque a tortor tempor in porta sem vulputate. Donec varius felis fermentum nisl imperdiet at molestie purus porta.<\\/p><h3>Heading 3<\\/h3><p>Etiam in nulla arcu, ut vehicula velit. Vivamus dapibus rutrum mi ut aliquam. In hac habitasse platea dictumst. Integer sagittis neque a tortor tempor in porta sem vulputate. Donec varius felis fermentum nisl imperdiet at molestie purus porta.<\\/p><p><strong>Blockquote<\\/strong><\\/p><blockquote>\\\"This is a sample blockquote. Donec varius felis fermentum nisl imperdiet at molestie purus porta. <\\/blockquote><p><strong>Code<\\/strong><\\/p><p>\\t\\t\\t\\t\\t\\t<code>\\r\\n.some-style {\\r\\nwidth: 960px;\\r\\nheight: 200px;\\r\\nmargin: 0 auto;\\r\\nbackground-color: #000000;\\r\\n}\\r\\n\\t\\t\\t\\t\\t\\t<\\/code>\\r\\n\\t\\t\\t\\t\\t\\t<\\/p><h4>Heading 4<\\/h4><p>Etiam in nulla arcu, ut vehicula velit. Vivamus dapibus rutrum mi ut aliquam. In hac habitasse platea dictumst. Integer sagittis neque a tortor tempor in porta sem vulputate. Donec varius felis fermentum nisl imperdiet at molestie purus porta.<\\/p><h5>Heading 5<\\/h5><p>Etiam in nulla arcu, ut vehicula velit. Vivamus dapibus rutrum mi ut aliquam. In hac habitasse platea dictumst. Integer sagittis neque a tortor tempor in porta sem vulputate. Donec varius felis fermentum nisl imperdiet at molestie purus porta.<\\/p><h6>Heading 6<\\/h6><p>Etiam in nulla arcu, ut vehicula velit. Vivamus dapibus rutrum mi ut aliquam. In hac habitasse platea dictumst. Integer sagittis neque a tortor tempor in porta sem vulputate. Donec varius felis fermentum nisl imperdiet at molestie purus porta.<\\/p>\",\"6\":[\"8\"],\"5\":\"<p>Etiam in nulla arcu, ut vehicula velit. Vivamus dapibus rutrum mi ut aliquam. In hac habitasse platea dictumst. Integer sagittis neque a tortor tempor in porta sem vulputate. Donec varius felis fermentum nisl imperdiet at molestie purus porta.<\\/p>\"}}', '2014-02-27 20:05:08', '2014-02-27 20:05:08', '8c35f5d0-5851-4ec3-a1ca-10f7557a13a6');
INSERT INTO `craft_entryversions` (`id`, `entryId`, `sectionId`, `creatorId`, `locale`, `notes`, `data`, `dateCreated`, `dateUpdated`, `uid`) VALUES ('7', '5', '4', '1', 'en_us', NULL, '{\"authorId\":\"1\",\"title\":\"Standard post with goodies\",\"slug\":\"standard-post-with-goodies\",\"postDate\":1393479780,\"expiryDate\":null,\"enabled\":1,\"fields\":{\"4\":\"<p>Etiam in nulla arcu, ut vehicula velit. Vivamus dapibus rutrum mi ut aliquam. In hac habitasse platea dictumst. Integer sagittis neque a tortor tempor in porta sem vulputate. Donec varius felis fermentum nisl imperdiet at molestie purus porta.<\\/p><p>Etiam in nulla arcu, ut vehicula velit. Vivamus dapibus rutrum mi ut aliquam. In hac habitasse platea dictumst. Integer sagittis neque a tortor tempor in porta sem vulputate. Donec varius felis fermentum nisl imperdiet at molestie purus porta.<\\/p><h2>Heading 2<\\/h2><p>Etiam in nulla arcu, ut vehicula velit. Vivamus dapibus rutrum mi ut aliquam. In hac habitasse platea dictumst. Integer sagittis neque a tortor tempor in porta sem vulputate. Donec varius felis fermentum nisl imperdiet at molestie purus porta.<\\/p><h3>Heading 3<\\/h3><p>Etiam in nulla arcu, ut vehicula velit. Vivamus dapibus rutrum mi ut aliquam. In hac habitasse platea dictumst. Integer sagittis neque a tortor tempor in porta sem vulputate. Donec varius felis fermentum nisl imperdiet at molestie purus porta.<\\/p><p><strong>Blockquote<\\/strong><\\/p><blockquote>\\\"This is a sample blockquote. Donec varius felis fermentum nisl imperdiet at molestie purus porta. <\\/blockquote><p><strong>Code<\\/strong><\\/p><p>\\t\\t\\t\\t\\t\\t<code>\\r\\n.some-style {\\r\\nwidth: 960px;\\r\\nheight: 200px;\\r\\nmargin: 0 auto;\\r\\nbackground-color: #000000;\\r\\n}\\r\\n\\t\\t\\t\\t\\t\\t<\\/code>\\r\\n\\t\\t\\t\\t\\t\\t<\\/p><h4>Heading 4<\\/h4><p>Etiam in nulla arcu, ut vehicula velit. Vivamus dapibus rutrum mi ut aliquam. In hac habitasse platea dictumst. Integer sagittis neque a tortor tempor in porta sem vulputate. Donec varius felis fermentum nisl imperdiet at molestie purus porta.<\\/p><h5>Heading 5<\\/h5><p>Etiam in nulla arcu, ut vehicula velit. Vivamus dapibus rutrum mi ut aliquam. In hac habitasse platea dictumst. Integer sagittis neque a tortor tempor in porta sem vulputate. Donec varius felis fermentum nisl imperdiet at molestie purus porta.<\\/p><h6>Heading 6<\\/h6><p>Etiam in nulla arcu, ut vehicula velit. Vivamus dapibus rutrum mi ut aliquam. In hac habitasse platea dictumst. Integer sagittis neque a tortor tempor in porta sem vulputate. Donec varius felis fermentum nisl imperdiet at molestie purus porta.<\\/p>\",\"6\":[\"8\"],\"5\":\"<p>Etiam in nulla arcu, ut vehicula velit. Vivamus dapibus rutrum mi ut aliquam. In hac habitasse platea dictumst. Integer sagittis neque a tortor tempor in porta sem vulputate. Donec varius felis fermentum nisl imperdiet at molestie purus porta.<\\/p>\"}}', '2014-02-27 20:05:11', '2014-02-27 20:05:11', '8a709caa-327b-4722-949f-5956cf903423');
INSERT INTO `craft_entryversions` (`id`, `entryId`, `sectionId`, `creatorId`, `locale`, `notes`, `data`, `dateCreated`, `dateUpdated`, `uid`) VALUES ('8', '6', '4', '1', 'en_us', NULL, '{\"authorId\":\"1\",\"title\":\"Another blog post with a super duper long Blog Post Title\",\"slug\":\"another-blog-post-with-a-super-duper-long-blog-post-title\",\"postDate\":1393479840,\"expiryDate\":null,\"enabled\":1,\"fields\":{\"4\":\"<p>Etiam in nulla arcu, ut vehicula velit. Vivamus dapibus rutrum mi ut aliquam. In hac habitasse platea dictumst. Integer sagittis neque a tortor tempor in porta sem vulputate. Donec varius felis fermentum nisl imperdiet at molestie purus porta.<\\/p><p>Etiam in nulla arcu, ut vehicula velit. Vivamus dapibus rutrum mi ut aliquam. In hac habitasse platea dictumst. Integer sagittis neque a tortor tempor in porta sem vulputate. Donec varius felis fermentum nisl imperdiet at molestie purus porta.<\\/p><h2>Heading 2<\\/h2><p>Etiam in nulla arcu, ut vehicula velit. Vivamus dapibus rutrum mi ut aliquam. In hac habitasse platea dictumst. Integer sagittis neque a tortor tempor in porta sem vulputate. Donec varius felis fermentum nisl imperdiet at molestie purus porta.<\\/p><h3>Heading 3<\\/h3><p>Etiam in nulla arcu, ut vehicula velit. Vivamus dapibus rutrum mi ut aliquam. In hac habitasse platea dictumst. Integer sagittis neque a tortor tempor in porta sem vulputate. Donec varius felis fermentum nisl imperdiet at molestie purus porta.<\\/p><p><strong>Blockquote<\\/strong><\\/p><blockquote>\\\"This is a sample blockquote. Donec varius felis fermentum nisl imperdiet at molestie purus porta. <\\/blockquote><p><strong>Code<\\/strong><\\/p><p>\\t\\t\\t\\t\\t\\t<code>\\r\\n.some-style {\\r\\nwidth: 960px;\\r\\nheight: 200px;\\r\\nmargin: 0 auto;\\r\\nbackground-color: #000000;\\r\\n}\\r\\n\\t\\t\\t\\t\\t\\t<\\/code>\\r\\n\\t\\t\\t\\t\\t\\t<\\/p><h4>Heading 4<\\/h4><p>Etiam in nulla arcu, ut vehicula velit. Vivamus dapibus rutrum mi ut aliquam. In hac habitasse platea dictumst. Integer sagittis neque a tortor tempor in porta sem vulputate. Donec varius felis fermentum nisl imperdiet at molestie purus porta.<\\/p><h5>Heading 5<\\/h5><p>Etiam in nulla arcu, ut vehicula velit. Vivamus dapibus rutrum mi ut aliquam. In hac habitasse platea dictumst. Integer sagittis neque a tortor tempor in porta sem vulputate. Donec varius felis fermentum nisl imperdiet at molestie purus porta.<\\/p><h6>Heading 6<\\/h6><p>Etiam in nulla arcu, ut vehicula velit. Vivamus dapibus rutrum mi ut aliquam. In hac habitasse platea dictumst. Integer sagittis neque a tortor tempor in porta sem vulputate. Donec varius felis fermentum nisl imperdiet at molestie purus porta.<\\/p>\",\"6\":[\"8\"],\"5\":\"<p>Etiam in nulla arcu, ut vehicula velit. Vivamus dapibus rutrum mi ut aliquam. In hac habitasse platea dictumst. Integer sagittis neque a tortor tempor in porta sem vulputate. Donec varius felis fermentum nisl imperdiet at molestie purus porta.<\\/p>\"}}', '2014-02-27 20:05:21', '2014-02-27 20:05:21', 'a26f7fb2-107e-458a-93d8-96418735d32c');



--
-- Schema for table `craft_fieldgroups`
--

DROP TABLE IF EXISTS `craft_fieldgroups`;

CREATE TABLE `craft_fieldgroups` (
  `id` int(11) NOT NULL AUTO_INCREMENT,
  `name` varchar(255) COLLATE utf8_unicode_ci NOT NULL,
  `dateCreated` datetime NOT NULL,
  `dateUpdated` datetime NOT NULL,
  `uid` char(36) COLLATE utf8_unicode_ci NOT NULL DEFAULT '0',
  PRIMARY KEY (`id`),
  UNIQUE KEY `craft_fieldgroups_name_unq_idx` (`name`)
) ENGINE=InnoDB AUTO_INCREMENT=3 DEFAULT CHARSET=utf8 COLLATE=utf8_unicode_ci;

--
-- Data for table `craft_fieldgroups`
--

INSERT INTO `craft_fieldgroups` (`id`, `name`, `dateCreated`, `dateUpdated`, `uid`) VALUES ('1', 'Default', '2014-02-27 02:47:51', '2014-02-27 02:47:51', '4f345140-f207-4df8-b756-270e7d1eff61');
INSERT INTO `craft_fieldgroups` (`id`, `name`, `dateCreated`, `dateUpdated`, `uid`) VALUES ('2', 'Blog', '2014-02-27 05:38:00', '2014-02-27 05:38:00', '3a2a65e3-d7f7-4732-bc08-fb67d622446d');



--
-- Schema for table `craft_fieldlayoutfields`
--

DROP TABLE IF EXISTS `craft_fieldlayoutfields`;

CREATE TABLE `craft_fieldlayoutfields` (
  `id` int(11) NOT NULL AUTO_INCREMENT,
  `layoutId` int(11) NOT NULL,
  `tabId` int(11) DEFAULT NULL,
  `fieldId` int(11) NOT NULL,
  `required` tinyint(1) unsigned NOT NULL DEFAULT '0',
  `sortOrder` tinyint(4) DEFAULT NULL,
  `dateCreated` datetime NOT NULL,
  `dateUpdated` datetime NOT NULL,
  `uid` char(36) COLLATE utf8_unicode_ci NOT NULL DEFAULT '0',
  PRIMARY KEY (`id`),
  UNIQUE KEY `craft_fieldlayoutfields_layoutId_fieldId_unq_idx` (`layoutId`,`fieldId`),
  KEY `craft_fieldlayoutfields_sortOrder_idx` (`sortOrder`),
  KEY `craft_fieldlayoutfields_tabId_fk` (`tabId`),
  KEY `craft_fieldlayoutfields_fieldId_fk` (`fieldId`)
) ENGINE=InnoDB AUTO_INCREMENT=11 DEFAULT CHARSET=utf8 COLLATE=utf8_unicode_ci;

--
-- Data for table `craft_fieldlayoutfields`
--

INSERT INTO `craft_fieldlayoutfields` (`id`, `layoutId`, `tabId`, `fieldId`, `required`, `sortOrder`, `dateCreated`, `dateUpdated`, `uid`) VALUES ('1', '3', '1', '1', '0', '1', '2014-02-27 02:47:51', '2014-02-27 02:47:51', '7f065214-21a8-46cd-9aee-73852d5d4767');
INSERT INTO `craft_fieldlayoutfields` (`id`, `layoutId`, `tabId`, `fieldId`, `required`, `sortOrder`, `dateCreated`, `dateUpdated`, `uid`) VALUES ('2', '3', '1', '2', '0', '2', '2014-02-27 02:47:51', '2014-02-27 02:47:51', 'e5e3437b-e92d-4365-a43b-d9a2fa30a5f1');
INSERT INTO `craft_fieldlayoutfields` (`id`, `layoutId`, `tabId`, `fieldId`, `required`, `sortOrder`, `dateCreated`, `dateUpdated`, `uid`) VALUES ('3', '5', '2', '2', '1', '1', '2014-02-27 02:47:52', '2014-02-27 02:47:52', '3297038c-175c-450f-af85-de78bfa10321');
INSERT INTO `craft_fieldlayoutfields` (`id`, `layoutId`, `tabId`, `fieldId`, `required`, `sortOrder`, `dateCreated`, `dateUpdated`, `uid`) VALUES ('4', '5', '2', '3', '0', '2', '2014-02-27 02:47:52', '2014-02-27 02:47:52', '252ccb78-4772-4650-9057-ce7e4be3631c');
INSERT INTO `craft_fieldlayoutfields` (`id`, `layoutId`, `tabId`, `fieldId`, `required`, `sortOrder`, `dateCreated`, `dateUpdated`, `uid`) VALUES ('8', '12', '5', '6', '0', '1', '2014-02-27 20:04:30', '2014-02-27 20:04:30', '58033685-6f62-469a-9625-39237db8b343');
INSERT INTO `craft_fieldlayoutfields` (`id`, `layoutId`, `tabId`, `fieldId`, `required`, `sortOrder`, `dateCreated`, `dateUpdated`, `uid`) VALUES ('9', '12', '5', '5', '1', '2', '2014-02-27 20:04:30', '2014-02-27 20:04:30', '895e7977-ba5b-4713-b974-ac8ff9a73f00');
INSERT INTO `craft_fieldlayoutfields` (`id`, `layoutId`, `tabId`, `fieldId`, `required`, `sortOrder`, `dateCreated`, `dateUpdated`, `uid`) VALUES ('10', '12', '5', '4', '1', '3', '2014-02-27 20:04:30', '2014-02-27 20:04:30', '1a17823e-9cd5-4f98-8e89-5731c36cf33c');



--
-- Schema for table `craft_fieldlayouts`
--

DROP TABLE IF EXISTS `craft_fieldlayouts`;

CREATE TABLE `craft_fieldlayouts` (
  `id` int(11) NOT NULL AUTO_INCREMENT,
  `type` char(150) COLLATE utf8_unicode_ci NOT NULL,
  `dateCreated` datetime NOT NULL,
  `dateUpdated` datetime NOT NULL,
  `uid` char(36) COLLATE utf8_unicode_ci NOT NULL DEFAULT '0',
  PRIMARY KEY (`id`),
  KEY `craft_fieldlayouts_type_idx` (`type`)
) ENGINE=InnoDB AUTO_INCREMENT=13 DEFAULT CHARSET=utf8 COLLATE=utf8_unicode_ci;

--
-- Data for table `craft_fieldlayouts`
--

INSERT INTO `craft_fieldlayouts` (`id`, `type`, `dateCreated`, `dateUpdated`, `uid`) VALUES ('1', 'Tag', '2014-02-27 02:47:51', '2014-02-27 02:47:51', 'bb875d4b-5857-4b1e-ac4f-99f7257785f3');
INSERT INTO `craft_fieldlayouts` (`id`, `type`, `dateCreated`, `dateUpdated`, `uid`) VALUES ('3', 'Entry', '2014-02-27 02:47:51', '2014-02-27 02:47:51', 'b24496da-4850-435b-a857-cde9b7457ba9');
INSERT INTO `craft_fieldlayouts` (`id`, `type`, `dateCreated`, `dateUpdated`, `uid`) VALUES ('5', 'Entry', '2014-02-27 02:47:52', '2014-02-27 02:47:52', 'a3793661-e871-491f-a562-33c7f7384bf8');
INSERT INTO `craft_fieldlayouts` (`id`, `type`, `dateCreated`, `dateUpdated`, `uid`) VALUES ('6', 'Entry', '2014-02-27 05:06:12', '2014-02-27 05:06:12', 'b19ac1f3-69d5-4684-aa16-426fa5dca4f9');
INSERT INTO `craft_fieldlayouts` (`id`, `type`, `dateCreated`, `dateUpdated`, `uid`) VALUES ('11', 'Entry', '2014-02-27 06:49:27', '2014-02-27 06:49:27', 'eb3ef54e-564b-4df3-9340-bd3af133f40d');
INSERT INTO `craft_fieldlayouts` (`id`, `type`, `dateCreated`, `dateUpdated`, `uid`) VALUES ('12', 'Entry', '2014-02-27 20:04:30', '2014-02-27 20:04:30', 'fdfc995c-5048-4671-bf0c-27344f57ecd8');



--
-- Schema for table `craft_fieldlayouttabs`
--

DROP TABLE IF EXISTS `craft_fieldlayouttabs`;

CREATE TABLE `craft_fieldlayouttabs` (
  `id` int(11) NOT NULL AUTO_INCREMENT,
  `layoutId` int(11) NOT NULL,
  `name` varchar(255) COLLATE utf8_unicode_ci NOT NULL,
  `sortOrder` tinyint(4) DEFAULT NULL,
  `dateCreated` datetime NOT NULL,
  `dateUpdated` datetime NOT NULL,
  `uid` char(36) COLLATE utf8_unicode_ci NOT NULL DEFAULT '0',
  PRIMARY KEY (`id`),
  KEY `craft_fieldlayouttabs_sortOrder_idx` (`sortOrder`),
  KEY `craft_fieldlayouttabs_layoutId_fk` (`layoutId`)
) ENGINE=InnoDB AUTO_INCREMENT=6 DEFAULT CHARSET=utf8 COLLATE=utf8_unicode_ci;

--
-- Data for table `craft_fieldlayouttabs`
--

INSERT INTO `craft_fieldlayouttabs` (`id`, `layoutId`, `name`, `sortOrder`, `dateCreated`, `dateUpdated`, `uid`) VALUES ('1', '3', 'Content', '1', '2014-02-27 02:47:51', '2014-02-27 02:47:51', '44420cc0-5d27-4526-8b00-861e8f394729');
INSERT INTO `craft_fieldlayouttabs` (`id`, `layoutId`, `name`, `sortOrder`, `dateCreated`, `dateUpdated`, `uid`) VALUES ('2', '5', 'Content', '1', '2014-02-27 02:47:52', '2014-02-27 02:47:52', '6224fac8-a381-4943-9cbf-0147592ab2ae');
INSERT INTO `craft_fieldlayouttabs` (`id`, `layoutId`, `name`, `sortOrder`, `dateCreated`, `dateUpdated`, `uid`) VALUES ('5', '12', 'Content', '1', '2014-02-27 20:04:30', '2014-02-27 20:04:30', 'e5d8aca9-d8fb-4ead-a6c6-ad50cc11d0af');



--
-- Schema for table `craft_fields`
--

DROP TABLE IF EXISTS `craft_fields`;

CREATE TABLE `craft_fields` (
  `id` int(11) NOT NULL AUTO_INCREMENT,
  `groupId` int(11) DEFAULT NULL,
  `name` varchar(255) COLLATE utf8_unicode_ci NOT NULL,
  `handle` varchar(58) COLLATE utf8_unicode_ci NOT NULL,
  `context` varchar(255) COLLATE utf8_unicode_ci NOT NULL DEFAULT 'global',
  `instructions` text COLLATE utf8_unicode_ci,
  `translatable` tinyint(1) unsigned NOT NULL DEFAULT '0',
  `type` char(150) COLLATE utf8_unicode_ci NOT NULL,
  `settings` text COLLATE utf8_unicode_ci,
  `dateCreated` datetime NOT NULL,
  `dateUpdated` datetime NOT NULL,
  `uid` char(36) COLLATE utf8_unicode_ci NOT NULL DEFAULT '0',
  PRIMARY KEY (`id`),
  UNIQUE KEY `craft_fields_handle_context_unq_idx` (`handle`,`context`),
  KEY `craft_fields_groupId_fk` (`groupId`)
) ENGINE=InnoDB AUTO_INCREMENT=7 DEFAULT CHARSET=utf8 COLLATE=utf8_unicode_ci;

--
-- Data for table `craft_fields`
--

INSERT INTO `craft_fields` (`id`, `groupId`, `name`, `handle`, `context`, `instructions`, `translatable`, `type`, `settings`, `dateCreated`, `dateUpdated`, `uid`) VALUES ('1', '1', 'Heading', 'heading', 'global', NULL, '1', 'PlainText', NULL, '2014-02-27 02:47:51', '2014-02-27 02:47:51', 'b7282d7a-e1a1-4dea-8bca-12dfb55da788');
INSERT INTO `craft_fields` (`id`, `groupId`, `name`, `handle`, `context`, `instructions`, `translatable`, `type`, `settings`, `dateCreated`, `dateUpdated`, `uid`) VALUES ('2', '1', 'Body', 'body', 'global', NULL, '1', 'RichText', '{\"configFile\":\"Standard.json\"}', '2014-02-27 02:47:51', '2014-02-27 02:47:51', '170ad7c3-3aaf-4a3e-b9ab-c9c3c5dded2f');
INSERT INTO `craft_fields` (`id`, `groupId`, `name`, `handle`, `context`, `instructions`, `translatable`, `type`, `settings`, `dateCreated`, `dateUpdated`, `uid`) VALUES ('3', '1', 'Tags', 'tags', 'global', NULL, '0', 'Tags', '{\"source\":\"tagset:1\"}', '2014-02-27 02:47:51', '2014-02-27 02:47:51', 'a822829e-74b3-46fb-9bec-ed571de6830e');
INSERT INTO `craft_fields` (`id`, `groupId`, `name`, `handle`, `context`, `instructions`, `translatable`, `type`, `settings`, `dateCreated`, `dateUpdated`, `uid`) VALUES ('4', '2', 'Post Body', 'postBody', 'global', '', '0', 'RichText', '{\"configFile\":\"\",\"cleanupHtml\":\"1\"}', '2014-02-27 05:39:17', '2014-02-27 05:46:46', '5834dad7-771f-4f3e-b27b-124d725d3cd2');
INSERT INTO `craft_fields` (`id`, `groupId`, `name`, `handle`, `context`, `instructions`, `translatable`, `type`, `settings`, `dateCreated`, `dateUpdated`, `uid`) VALUES ('5', '2', 'Post Intro', 'postIntro', 'global', '', '0', 'RichText', '{\"configFile\":\"\",\"cleanupHtml\":\"1\"}', '2014-02-27 05:47:55', '2014-02-27 05:47:55', '9114d513-22a5-4390-9069-982793c11ea7');
INSERT INTO `craft_fields` (`id`, `groupId`, `name`, `handle`, `context`, `instructions`, `translatable`, `type`, `settings`, `dateCreated`, `dateUpdated`, `uid`) VALUES ('6', '2', 'Post Image', 'postImage', 'global', '', '0', 'Assets', '{\"sources\":[\"folder:1\"],\"limit\":\"1\"}', '2014-02-27 20:03:57', '2014-02-27 20:03:57', '02577ec9-6301-4f8f-a058-28a62554efa5');



--
-- Schema for table `craft_globalsets`
--

DROP TABLE IF EXISTS `craft_globalsets`;

CREATE TABLE `craft_globalsets` (
  `id` int(11) NOT NULL,
  `name` varchar(255) COLLATE utf8_unicode_ci NOT NULL,
  `handle` varchar(255) COLLATE utf8_unicode_ci NOT NULL,
  `fieldLayoutId` int(10) DEFAULT NULL,
  `dateCreated` datetime NOT NULL,
  `dateUpdated` datetime NOT NULL,
  `uid` char(36) COLLATE utf8_unicode_ci NOT NULL DEFAULT '0',
  PRIMARY KEY (`id`),
  UNIQUE KEY `craft_globalsets_name_unq_idx` (`name`),
  UNIQUE KEY `craft_globalsets_handle_unq_idx` (`handle`),
  KEY `craft_globalsets_fieldLayoutId_fk` (`fieldLayoutId`)
) ENGINE=InnoDB DEFAULT CHARSET=utf8 COLLATE=utf8_unicode_ci;

--
-- Schema for table `craft_info`
--

DROP TABLE IF EXISTS `craft_info`;

CREATE TABLE `craft_info` (
  `id` int(11) NOT NULL AUTO_INCREMENT,
  `version` varchar(15) COLLATE utf8_unicode_ci NOT NULL,
  `build` int(11) unsigned NOT NULL,
  `schemaVersion` varchar(15) COLLATE utf8_unicode_ci NOT NULL,
  `packages` varchar(200) COLLATE utf8_unicode_ci DEFAULT NULL,
  `releaseDate` datetime NOT NULL,
  `siteName` varchar(100) COLLATE utf8_unicode_ci NOT NULL,
  `siteUrl` varchar(255) COLLATE utf8_unicode_ci NOT NULL,
  `timezone` varchar(30) COLLATE utf8_unicode_ci DEFAULT NULL,
  `on` tinyint(1) unsigned NOT NULL DEFAULT '0',
  `maintenance` tinyint(1) unsigned NOT NULL DEFAULT '0',
  `track` varchar(40) COLLATE utf8_unicode_ci NOT NULL,
  `dateCreated` datetime NOT NULL,
  `dateUpdated` datetime NOT NULL,
  `uid` char(36) COLLATE utf8_unicode_ci NOT NULL DEFAULT '0',
  PRIMARY KEY (`id`)
) ENGINE=InnoDB AUTO_INCREMENT=2 DEFAULT CHARSET=utf8 COLLATE=utf8_unicode_ci;

--
-- Data for table `craft_info`
--

INSERT INTO `craft_info` (`id`, `version`, `build`, `schemaVersion`, `packages`, `releaseDate`, `siteName`, `siteUrl`, `timezone`, `on`, `maintenance`, `track`, `dateCreated`, `dateUpdated`, `uid`) VALUES ('1', '1.3', '2494', '1.3.17', 'PublishPro', '2014-02-24 22:43:12', 'Ryan Belisle', 'http://ryanbelisle.dev', 'America/New_York', '1', '1', 'stable', '2014-02-27 02:47:49', '2014-02-28 03:38:22', 'eb37b108-cd9f-4593-8819-46920a8963ea');



--
-- Schema for table `craft_locales`
--

DROP TABLE IF EXISTS `craft_locales`;

CREATE TABLE `craft_locales` (
  `locale` char(12) COLLATE utf8_unicode_ci NOT NULL,
  `sortOrder` tinyint(4) DEFAULT NULL,
  `dateCreated` datetime NOT NULL,
  `dateUpdated` datetime NOT NULL,
  `uid` char(36) COLLATE utf8_unicode_ci NOT NULL DEFAULT '0',
  PRIMARY KEY (`locale`)
) ENGINE=InnoDB DEFAULT CHARSET=utf8 COLLATE=utf8_unicode_ci;

--
-- Data for table `craft_locales`
--

INSERT INTO `craft_locales` (`locale`, `sortOrder`, `dateCreated`, `dateUpdated`, `uid`) VALUES ('en_us', '1', '2014-02-27 02:47:50', '2014-02-27 02:47:50', 'd7ea8295-8d83-45e7-b55b-a69bbf2ae77d');



--
-- Schema for table `craft_matrixblocks`
--

DROP TABLE IF EXISTS `craft_matrixblocks`;

CREATE TABLE `craft_matrixblocks` (
  `id` int(11) NOT NULL,
  `ownerId` int(11) NOT NULL,
  `fieldId` int(11) NOT NULL,
  `typeId` int(11) DEFAULT NULL,
  `sortOrder` tinyint(4) DEFAULT NULL,
  `dateCreated` datetime NOT NULL,
  `dateUpdated` datetime NOT NULL,
  `uid` char(36) COLLATE utf8_unicode_ci NOT NULL DEFAULT '0',
  PRIMARY KEY (`id`),
  KEY `craft_matrixblocks_ownerId_idx` (`ownerId`),
  KEY `craft_matrixblocks_fieldId_idx` (`fieldId`),
  KEY `craft_matrixblocks_typeId_idx` (`typeId`),
  KEY `craft_matrixblocks_sortOrder_idx` (`sortOrder`)
) ENGINE=InnoDB DEFAULT CHARSET=utf8 COLLATE=utf8_unicode_ci;

--
-- Schema for table `craft_matrixblocktypes`
--

DROP TABLE IF EXISTS `craft_matrixblocktypes`;

CREATE TABLE `craft_matrixblocktypes` (
  `id` int(11) NOT NULL AUTO_INCREMENT,
  `fieldId` int(11) NOT NULL,
  `fieldLayoutId` int(11) DEFAULT NULL,
  `name` varchar(255) COLLATE utf8_unicode_ci NOT NULL,
  `handle` varchar(255) COLLATE utf8_unicode_ci NOT NULL,
  `sortOrder` tinyint(4) DEFAULT NULL,
  `dateCreated` datetime NOT NULL,
  `dateUpdated` datetime NOT NULL,
  `uid` char(36) COLLATE utf8_unicode_ci NOT NULL DEFAULT '0',
  PRIMARY KEY (`id`),
  UNIQUE KEY `craft_matrixblocktypes_name_fieldId_unq_idx` (`name`,`fieldId`),
  UNIQUE KEY `craft_matrixblocktypes_handle_fieldId_unq_idx` (`handle`,`fieldId`),
  KEY `craft_matrixblocktypes_fieldId_fk` (`fieldId`),
  KEY `craft_matrixblocktypes_fieldLayoutId_fk` (`fieldLayoutId`)
) ENGINE=InnoDB DEFAULT CHARSET=utf8 COLLATE=utf8_unicode_ci;

--
-- Schema for table `craft_migrations`
--

DROP TABLE IF EXISTS `craft_migrations`;

CREATE TABLE `craft_migrations` (
  `id` int(11) NOT NULL AUTO_INCREMENT,
  `pluginId` int(11) DEFAULT NULL,
  `version` varchar(255) COLLATE utf8_unicode_ci NOT NULL,
  `applyTime` datetime NOT NULL,
  `dateCreated` datetime NOT NULL,
  `dateUpdated` datetime NOT NULL,
  `uid` char(36) COLLATE utf8_unicode_ci NOT NULL DEFAULT '0',
  PRIMARY KEY (`id`),
  UNIQUE KEY `craft_migrations_version_unq_idx` (`version`),
  KEY `craft_migrations_pluginId_fk` (`pluginId`)
) ENGINE=InnoDB AUTO_INCREMENT=6 DEFAULT CHARSET=utf8 COLLATE=utf8_unicode_ci;

--
-- Data for table `craft_migrations`
--

INSERT INTO `craft_migrations` (`id`, `pluginId`, `version`, `applyTime`, `dateCreated`, `dateUpdated`, `uid`) VALUES ('1', NULL, 'm000000_000000_base', '2014-02-27 02:47:50', '2014-02-27 02:47:50', '2014-02-27 02:47:50', '4932b94f-c89a-433a-9b4f-55ac9c9adac8');
INSERT INTO `craft_migrations` (`id`, `pluginId`, `version`, `applyTime`, `dateCreated`, `dateUpdated`, `uid`) VALUES ('2', NULL, 'm131212_000001_add_missing_fk_to_emailmessages', '2014-02-27 02:47:50', '2014-02-27 02:47:50', '2014-02-27 02:47:50', 'd256e7c2-c118-468f-9c44-8aacf55a9aa4');
INSERT INTO `craft_migrations` (`id`, `pluginId`, `version`, `applyTime`, `dateCreated`, `dateUpdated`, `uid`) VALUES ('3', NULL, 'm140123_000000_update_widget_sort_orders', '2014-02-27 02:47:50', '2014-02-27 02:47:50', '2014-02-27 02:47:50', '64ab3046-db23-4a63-af24-eec1d48c73a9');
INSERT INTO `craft_migrations` (`id`, `pluginId`, `version`, `applyTime`, `dateCreated`, `dateUpdated`, `uid`) VALUES ('4', NULL, 'm140212_000000_clean_up_structures', '2014-02-27 02:47:50', '2014-02-27 02:47:50', '2014-02-27 02:47:50', '00169728-75b4-4261-8716-5c691c5490b4');
INSERT INTO `craft_migrations` (`id`, `pluginId`, `version`, `applyTime`, `dateCreated`, `dateUpdated`, `uid`) VALUES ('5', NULL, 'm140223_000000_add_missing_element_rows', '2014-02-27 02:47:50', '2014-02-27 02:47:50', '2014-02-27 02:47:50', 'cb4334b8-f4cc-4160-acc9-c2a986bcd51b');



--
-- Schema for table `craft_plugins`
--

DROP TABLE IF EXISTS `craft_plugins`;

CREATE TABLE `craft_plugins` (
  `id` int(11) NOT NULL AUTO_INCREMENT,
  `class` char(150) COLLATE utf8_unicode_ci NOT NULL,
  `version` char(15) COLLATE utf8_unicode_ci NOT NULL,
  `enabled` tinyint(1) unsigned NOT NULL DEFAULT '0',
  `settings` text COLLATE utf8_unicode_ci,
  `installDate` datetime NOT NULL,
  `dateCreated` datetime NOT NULL,
  `dateUpdated` datetime NOT NULL,
  `uid` char(36) COLLATE utf8_unicode_ci NOT NULL DEFAULT '0',
  PRIMARY KEY (`id`)
) ENGINE=InnoDB DEFAULT CHARSET=utf8 COLLATE=utf8_unicode_ci;

--
-- Schema for table `craft_rackspaceaccess`
--

DROP TABLE IF EXISTS `craft_rackspaceaccess`;

CREATE TABLE `craft_rackspaceaccess` (
  `id` int(11) NOT NULL AUTO_INCREMENT,
  `connectionKey` varchar(255) COLLATE utf8_unicode_ci NOT NULL,
  `token` varchar(255) COLLATE utf8_unicode_ci NOT NULL,
  `storageUrl` varchar(255) COLLATE utf8_unicode_ci NOT NULL,
  `cdnUrl` varchar(255) COLLATE utf8_unicode_ci NOT NULL,
  `dateCreated` datetime NOT NULL,
  `dateUpdated` datetime NOT NULL,
  `uid` char(36) COLLATE utf8_unicode_ci NOT NULL DEFAULT '0',
  PRIMARY KEY (`id`),
  UNIQUE KEY `craft_rackspaceaccess_connectionKey_unq_idx` (`connectionKey`)
) ENGINE=InnoDB DEFAULT CHARSET=utf8 COLLATE=utf8_unicode_ci;

--
-- Schema for table `craft_relations`
--

DROP TABLE IF EXISTS `craft_relations`;

CREATE TABLE `craft_relations` (
  `id` int(11) NOT NULL AUTO_INCREMENT,
  `fieldId` int(11) NOT NULL,
  `sourceId` int(11) NOT NULL,
  `targetId` int(11) NOT NULL,
  `sortOrder` tinyint(4) DEFAULT NULL,
  `dateCreated` datetime NOT NULL,
  `dateUpdated` datetime NOT NULL,
  `uid` char(36) COLLATE utf8_unicode_ci NOT NULL DEFAULT '0',
  PRIMARY KEY (`id`),
  UNIQUE KEY `craft_relations_fieldId_sourceId_targetId_unq_idx` (`fieldId`,`sourceId`,`targetId`),
  KEY `craft_relations_sourceId_fk` (`sourceId`),
  KEY `craft_relations_targetId_fk` (`targetId`)
) ENGINE=InnoDB AUTO_INCREMENT=4 DEFAULT CHARSET=utf8 COLLATE=utf8_unicode_ci;

--
-- Data for table `craft_relations`
--

INSERT INTO `craft_relations` (`id`, `fieldId`, `sourceId`, `targetId`, `sortOrder`, `dateCreated`, `dateUpdated`, `uid`) VALUES ('2', '6', '5', '8', '1', '2014-02-27 20:05:11', '2014-02-27 20:05:11', '22ed7c15-824c-4049-a41f-2abef4fbe0d1');
INSERT INTO `craft_relations` (`id`, `fieldId`, `sourceId`, `targetId`, `sortOrder`, `dateCreated`, `dateUpdated`, `uid`) VALUES ('3', '6', '6', '8', '1', '2014-02-27 20:05:21', '2014-02-27 20:05:21', 'd39b1ec8-a7e2-416f-8730-4aede337904a');



--
-- Schema for table `craft_routes`
--

DROP TABLE IF EXISTS `craft_routes`;

CREATE TABLE `craft_routes` (
  `id` int(11) NOT NULL AUTO_INCREMENT,
  `urlParts` varchar(255) COLLATE utf8_unicode_ci NOT NULL,
  `urlPattern` varchar(255) COLLATE utf8_unicode_ci NOT NULL,
  `template` varchar(255) COLLATE utf8_unicode_ci NOT NULL,
  `sortOrder` tinyint(4) DEFAULT NULL,
  `dateCreated` datetime NOT NULL,
  `dateUpdated` datetime NOT NULL,
  `uid` char(36) COLLATE utf8_unicode_ci NOT NULL DEFAULT '0',
  PRIMARY KEY (`id`),
  UNIQUE KEY `craft_routes_urlPattern_unq_idx` (`urlPattern`)
) ENGINE=InnoDB DEFAULT CHARSET=utf8 COLLATE=utf8_unicode_ci;

--
-- Schema for table `craft_searchindex`
--

DROP TABLE IF EXISTS `craft_searchindex`;

CREATE TABLE `craft_searchindex` (
  `elementId` int(11) NOT NULL,
  `attribute` varchar(25) COLLATE utf8_unicode_ci NOT NULL,
  `fieldId` int(11) NOT NULL,
  `locale` char(12) COLLATE utf8_unicode_ci NOT NULL,
  `keywords` text COLLATE utf8_unicode_ci NOT NULL,
  PRIMARY KEY (`elementId`,`attribute`,`fieldId`,`locale`),
  FULLTEXT KEY `craft_searchindex_keywords_idx` (`keywords`)
) ENGINE=MyISAM DEFAULT CHARSET=utf8 COLLATE=utf8_unicode_ci;

--
-- Data for table `craft_searchindex`
--

INSERT INTO `craft_searchindex` (`elementId`, `attribute`, `fieldId`, `locale`, `keywords`) VALUES ('1', 'username', '0', 'en_us', ' ryanbelisle ');
INSERT INTO `craft_searchindex` (`elementId`, `attribute`, `fieldId`, `locale`, `keywords`) VALUES ('1', 'firstname', '0', 'en_us', ' ryan ');
INSERT INTO `craft_searchindex` (`elementId`, `attribute`, `fieldId`, `locale`, `keywords`) VALUES ('1', 'lastname', '0', 'en_us', ' belisle ');
INSERT INTO `craft_searchindex` (`elementId`, `attribute`, `fieldId`, `locale`, `keywords`) VALUES ('1', 'fullname', '0', 'en_us', ' ryan belisle ');
INSERT INTO `craft_searchindex` (`elementId`, `attribute`, `fieldId`, `locale`, `keywords`) VALUES ('1', 'email', '0', 'en_us', ' ryan ryanbelisle com ');
INSERT INTO `craft_searchindex` (`elementId`, `attribute`, `fieldId`, `locale`, `keywords`) VALUES ('2', 'slug', '0', 'en_us', ' homepage ');
INSERT INTO `craft_searchindex` (`elementId`, `attribute`, `fieldId`, `locale`, `keywords`) VALUES ('2', 'title', '0', 'en_us', ' homepage ');
INSERT INTO `craft_searchindex` (`elementId`, `attribute`, `fieldId`, `locale`, `keywords`) VALUES ('2', 'field', '2', 'en_us', ' it s true this site doesn t have a whole lot of content yet but don t worry our web developers have just installed the cms and they re setting things up for the content editors this very moment soon localhost will be an oasis of fresh perspectives sharp analyses and astute opinions that will keep you coming back again and again ');
INSERT INTO `craft_searchindex` (`elementId`, `attribute`, `fieldId`, `locale`, `keywords`) VALUES ('2', 'field', '1', 'en_us', ' welcome to localhost ');
INSERT INTO `craft_searchindex` (`elementId`, `attribute`, `fieldId`, `locale`, `keywords`) VALUES ('2', 'field', '3', 'en_us', '');
INSERT INTO `craft_searchindex` (`elementId`, `attribute`, `fieldId`, `locale`, `keywords`) VALUES ('3', 'slug', '0', 'en_us', ' we just installed craft ');
INSERT INTO `craft_searchindex` (`elementId`, `attribute`, `fieldId`, `locale`, `keywords`) VALUES ('3', 'title', '0', 'en_us', ' we just installed craft ');
INSERT INTO `craft_searchindex` (`elementId`, `attribute`, `fieldId`, `locale`, `keywords`) VALUES ('3', 'field', '2', 'en_us', ' craft is the cms that s powering localhost it s beautiful powerful flexible and easy to use and it s made by pixel tonic we can t wait to dive in and see what it s capable of this is even more captivating content which you couldn t see on the news index page because it was entered after a page break and the news index template only likes to show the content on the first page craft a nice alternative to word if you re making a website ');
INSERT INTO `craft_searchindex` (`elementId`, `attribute`, `fieldId`, `locale`, `keywords`) VALUES ('3', 'field', '1', 'en_us', '');
INSERT INTO `craft_searchindex` (`elementId`, `attribute`, `fieldId`, `locale`, `keywords`) VALUES ('3', 'field', '3', 'en_us', '');
INSERT INTO `craft_searchindex` (`elementId`, `attribute`, `fieldId`, `locale`, `keywords`) VALUES ('5', 'slug', '0', 'en_us', ' standard post with goodies ');
INSERT INTO `craft_searchindex` (`elementId`, `attribute`, `fieldId`, `locale`, `keywords`) VALUES ('5', 'title', '0', 'en_us', ' standard post with goodies ');
INSERT INTO `craft_searchindex` (`elementId`, `attribute`, `fieldId`, `locale`, `keywords`) VALUES ('5', 'field', '4', 'en_us', ' etiam in nulla arcu ut vehicula velit vivamus dapibus rutrum mi ut aliquam in hac habitasse platea dictumst integer sagittis neque a tortor tempor in porta sem vulputate donec varius felis fermentum nisl imperdiet at molestie purus porta etiam in nulla arcu ut vehicula velit vivamus dapibus rutrum mi ut aliquam in hac habitasse platea dictumst integer sagittis neque a tortor tempor in porta sem vulputate donec varius felis fermentum nisl imperdiet at molestie purus porta heading 2etiam in nulla arcu ut vehicula velit vivamus dapibus rutrum mi ut aliquam in hac habitasse platea dictumst integer sagittis neque a tortor tempor in porta sem vulputate donec varius felis fermentum nisl imperdiet at molestie purus porta heading 3etiam in nulla arcu ut vehicula velit vivamus dapibus rutrum mi ut aliquam in hac habitasse platea dictumst integer sagittis neque a tortor tempor in porta sem vulputate donec varius felis fermentum nisl imperdiet at molestie purus porta blockquote this is a sample blockquote donec varius felis fermentum nisl imperdiet at molestie purus porta code some style width 960px height 200px margin 0 auto background color 000000 heading 4etiam in nulla arcu ut vehicula velit vivamus dapibus rutrum mi ut aliquam in hac habitasse platea dictumst integer sagittis neque a tortor tempor in porta sem vulputate donec varius felis fermentum nisl imperdiet at molestie purus porta heading 5etiam in nulla arcu ut vehicula velit vivamus dapibus rutrum mi ut aliquam in hac habitasse platea dictumst integer sagittis neque a tortor tempor in porta sem vulputate donec varius felis fermentum nisl imperdiet at molestie purus porta heading 6etiam in nulla arcu ut vehicula velit vivamus dapibus rutrum mi ut aliquam in hac habitasse platea dictumst integer sagittis neque a tortor tempor in porta sem vulputate donec varius felis fermentum nisl imperdiet at molestie purus porta ');
INSERT INTO `craft_searchindex` (`elementId`, `attribute`, `fieldId`, `locale`, `keywords`) VALUES ('5', 'field', '2', 'en_us', '');
INSERT INTO `craft_searchindex` (`elementId`, `attribute`, `fieldId`, `locale`, `keywords`) VALUES ('5', 'field', '1', 'en_us', '');
INSERT INTO `craft_searchindex` (`elementId`, `attribute`, `fieldId`, `locale`, `keywords`) VALUES ('5', 'field', '3', 'en_us', '');
INSERT INTO `craft_searchindex` (`elementId`, `attribute`, `fieldId`, `locale`, `keywords`) VALUES ('6', 'slug', '0', 'en_us', ' another blog post with a super duper long blog post title ');
INSERT INTO `craft_searchindex` (`elementId`, `attribute`, `fieldId`, `locale`, `keywords`) VALUES ('6', 'title', '0', 'en_us', ' another blog post with a super duper long blog post title ');
INSERT INTO `craft_searchindex` (`elementId`, `attribute`, `fieldId`, `locale`, `keywords`) VALUES ('6', 'field', '4', 'en_us', ' etiam in nulla arcu ut vehicula velit vivamus dapibus rutrum mi ut aliquam in hac habitasse platea dictumst integer sagittis neque a tortor tempor in porta sem vulputate donec varius felis fermentum nisl imperdiet at molestie purus porta etiam in nulla arcu ut vehicula velit vivamus dapibus rutrum mi ut aliquam in hac habitasse platea dictumst integer sagittis neque a tortor tempor in porta sem vulputate donec varius felis fermentum nisl imperdiet at molestie purus porta heading 2etiam in nulla arcu ut vehicula velit vivamus dapibus rutrum mi ut aliquam in hac habitasse platea dictumst integer sagittis neque a tortor tempor in porta sem vulputate donec varius felis fermentum nisl imperdiet at molestie purus porta heading 3etiam in nulla arcu ut vehicula velit vivamus dapibus rutrum mi ut aliquam in hac habitasse platea dictumst integer sagittis neque a tortor tempor in porta sem vulputate donec varius felis fermentum nisl imperdiet at molestie purus porta blockquote this is a sample blockquote donec varius felis fermentum nisl imperdiet at molestie purus porta code some style width 960px height 200px margin 0 auto background color 000000 heading 4etiam in nulla arcu ut vehicula velit vivamus dapibus rutrum mi ut aliquam in hac habitasse platea dictumst integer sagittis neque a tortor tempor in porta sem vulputate donec varius felis fermentum nisl imperdiet at molestie purus porta heading 5etiam in nulla arcu ut vehicula velit vivamus dapibus rutrum mi ut aliquam in hac habitasse platea dictumst integer sagittis neque a tortor tempor in porta sem vulputate donec varius felis fermentum nisl imperdiet at molestie purus porta heading 6etiam in nulla arcu ut vehicula velit vivamus dapibus rutrum mi ut aliquam in hac habitasse platea dictumst integer sagittis neque a tortor tempor in porta sem vulputate donec varius felis fermentum nisl imperdiet at molestie purus porta ');
INSERT INTO `craft_searchindex` (`elementId`, `attribute`, `fieldId`, `locale`, `keywords`) VALUES ('6', 'field', '2', 'en_us', '');
INSERT INTO `craft_searchindex` (`elementId`, `attribute`, `fieldId`, `locale`, `keywords`) VALUES ('6', 'field', '1', 'en_us', '');
INSERT INTO `craft_searchindex` (`elementId`, `attribute`, `fieldId`, `locale`, `keywords`) VALUES ('6', 'field', '3', 'en_us', '');
INSERT INTO `craft_searchindex` (`elementId`, `attribute`, `fieldId`, `locale`, `keywords`) VALUES ('5', 'field', '5', 'en_us', ' etiam in nulla arcu ut vehicula velit vivamus dapibus rutrum mi ut aliquam in hac habitasse platea dictumst integer sagittis neque a tortor tempor in porta sem vulputate donec varius felis fermentum nisl imperdiet at molestie purus porta ');
INSERT INTO `craft_searchindex` (`elementId`, `attribute`, `fieldId`, `locale`, `keywords`) VALUES ('6', 'field', '5', 'en_us', ' etiam in nulla arcu ut vehicula velit vivamus dapibus rutrum mi ut aliquam in hac habitasse platea dictumst integer sagittis neque a tortor tempor in porta sem vulputate donec varius felis fermentum nisl imperdiet at molestie purus porta ');
INSERT INTO `craft_searchindex` (`elementId`, `attribute`, `fieldId`, `locale`, `keywords`) VALUES ('7', 'slug', '0', 'en_us', ' contact ');
INSERT INTO `craft_searchindex` (`elementId`, `attribute`, `fieldId`, `locale`, `keywords`) VALUES ('7', 'title', '0', 'en_us', ' contact ');
INSERT INTO `craft_searchindex` (`elementId`, `attribute`, `fieldId`, `locale`, `keywords`) VALUES ('7', 'field', '2', 'en_us', '');
INSERT INTO `craft_searchindex` (`elementId`, `attribute`, `fieldId`, `locale`, `keywords`) VALUES ('7', 'field', '1', 'en_us', '');
INSERT INTO `craft_searchindex` (`elementId`, `attribute`, `fieldId`, `locale`, `keywords`) VALUES ('7', 'field', '4', 'en_us', '');
INSERT INTO `craft_searchindex` (`elementId`, `attribute`, `fieldId`, `locale`, `keywords`) VALUES ('7', 'field', '5', 'en_us', '');
INSERT INTO `craft_searchindex` (`elementId`, `attribute`, `fieldId`, `locale`, `keywords`) VALUES ('7', 'field', '3', 'en_us', '');
INSERT INTO `craft_searchindex` (`elementId`, `attribute`, `fieldId`, `locale`, `keywords`) VALUES ('8', 'field', '2', 'en_us', '');
INSERT INTO `craft_searchindex` (`elementId`, `attribute`, `fieldId`, `locale`, `keywords`) VALUES ('8', 'field', '1', 'en_us', '');
INSERT INTO `craft_searchindex` (`elementId`, `attribute`, `fieldId`, `locale`, `keywords`) VALUES ('8', 'field', '4', 'en_us', '');
INSERT INTO `craft_searchindex` (`elementId`, `attribute`, `fieldId`, `locale`, `keywords`) VALUES ('8', 'field', '5', 'en_us', '');
INSERT INTO `craft_searchindex` (`elementId`, `attribute`, `fieldId`, `locale`, `keywords`) VALUES ('8', 'field', '3', 'en_us', '');
INSERT INTO `craft_searchindex` (`elementId`, `attribute`, `fieldId`, `locale`, `keywords`) VALUES ('8', 'filename', '0', 'en_us', ' 1600x1200 gif ');
INSERT INTO `craft_searchindex` (`elementId`, `attribute`, `fieldId`, `locale`, `keywords`) VALUES ('8', 'extension', '0', 'en_us', ' gif ');
INSERT INTO `craft_searchindex` (`elementId`, `attribute`, `fieldId`, `locale`, `keywords`) VALUES ('8', 'kind', '0', 'en_us', ' image ');
INSERT INTO `craft_searchindex` (`elementId`, `attribute`, `fieldId`, `locale`, `keywords`) VALUES ('8', 'title', '0', 'en_us', ' 1600x1200 ');
INSERT INTO `craft_searchindex` (`elementId`, `attribute`, `fieldId`, `locale`, `keywords`) VALUES ('5', 'field', '6', 'en_us', ' 1600x1200 ');
INSERT INTO `craft_searchindex` (`elementId`, `attribute`, `fieldId`, `locale`, `keywords`) VALUES ('6', 'field', '6', 'en_us', ' 1600x1200 ');



--
-- Schema for table `craft_sections`
--

DROP TABLE IF EXISTS `craft_sections`;

CREATE TABLE `craft_sections` (
  `id` int(11) NOT NULL AUTO_INCREMENT,
  `name` varchar(255) COLLATE utf8_unicode_ci NOT NULL,
  `handle` varchar(255) COLLATE utf8_unicode_ci NOT NULL,
  `type` enum('single','channel','structure') COLLATE utf8_unicode_ci NOT NULL DEFAULT 'channel',
  `hasUrls` tinyint(1) unsigned NOT NULL DEFAULT '1',
  `template` varchar(500) COLLATE utf8_unicode_ci DEFAULT NULL,
  `maxDepth` int(10) unsigned DEFAULT NULL,
  `dateCreated` datetime NOT NULL,
  `dateUpdated` datetime NOT NULL,
  `uid` char(36) COLLATE utf8_unicode_ci NOT NULL DEFAULT '0',
  PRIMARY KEY (`id`),
  UNIQUE KEY `craft_sections_name_unq_idx` (`name`),
  UNIQUE KEY `craft_sections_handle_unq_idx` (`handle`)
) ENGINE=InnoDB AUTO_INCREMENT=6 DEFAULT CHARSET=utf8 COLLATE=utf8_unicode_ci;

--
-- Data for table `craft_sections`
--

INSERT INTO `craft_sections` (`id`, `name`, `handle`, `type`, `hasUrls`, `template`, `maxDepth`, `dateCreated`, `dateUpdated`, `uid`) VALUES ('1', 'Homepage', 'homepage', 'single', '1', 'index', NULL, '2014-02-27 02:47:51', '2014-02-27 05:04:09', '06e3bea5-88d1-471f-84b3-602b4b904877');
INSERT INTO `craft_sections` (`id`, `name`, `handle`, `type`, `hasUrls`, `template`, `maxDepth`, `dateCreated`, `dateUpdated`, `uid`) VALUES ('2', 'News', 'news', 'channel', '1', 'news/_entry', NULL, '2014-02-27 02:47:52', '2014-02-27 02:47:52', 'cb8425c8-d9ac-4956-a512-fa2989537dc3');
INSERT INTO `craft_sections` (`id`, `name`, `handle`, `type`, `hasUrls`, `template`, `maxDepth`, `dateCreated`, `dateUpdated`, `uid`) VALUES ('3', 'About', 'about', 'single', '1', 'about', NULL, '2014-02-27 05:06:12', '2014-02-27 05:06:12', 'bc340a13-c1c5-4cfc-abe3-6a9ac27f091f');
INSERT INTO `craft_sections` (`id`, `name`, `handle`, `type`, `hasUrls`, `template`, `maxDepth`, `dateCreated`, `dateUpdated`, `uid`) VALUES ('4', 'Blog', 'blog', 'channel', '1', 'blog/_entry', NULL, '2014-02-27 05:31:11', '2014-02-27 05:31:11', 'c95c0bdf-f857-45fa-b9b8-40ad22d4f1d4');
INSERT INTO `craft_sections` (`id`, `name`, `handle`, `type`, `hasUrls`, `template`, `maxDepth`, `dateCreated`, `dateUpdated`, `uid`) VALUES ('5', 'Contact', 'contact', 'single', '1', 'contact', NULL, '2014-02-27 06:49:27', '2014-02-27 06:49:27', '2dd0272e-8408-40c4-8e20-2d9ab60cf337');



--
-- Schema for table `craft_sections_i18n`
--

DROP TABLE IF EXISTS `craft_sections_i18n`;

CREATE TABLE `craft_sections_i18n` (
  `id` int(11) NOT NULL AUTO_INCREMENT,
  `sectionId` int(11) NOT NULL,
  `locale` char(12) COLLATE utf8_unicode_ci NOT NULL,
  `urlFormat` varchar(255) COLLATE utf8_unicode_ci DEFAULT NULL,
  `nestedUrlFormat` varchar(255) COLLATE utf8_unicode_ci DEFAULT NULL,
  `dateCreated` datetime NOT NULL,
  `dateUpdated` datetime NOT NULL,
  `uid` char(36) COLLATE utf8_unicode_ci NOT NULL DEFAULT '0',
  PRIMARY KEY (`id`),
  UNIQUE KEY `craft_sections_i18n_sectionId_locale_unq_idx` (`sectionId`,`locale`),
  KEY `craft_sections_i18n_locale_fk` (`locale`)
) ENGINE=InnoDB AUTO_INCREMENT=6 DEFAULT CHARSET=utf8 COLLATE=utf8_unicode_ci;

--
-- Data for table `craft_sections_i18n`
--

INSERT INTO `craft_sections_i18n` (`id`, `sectionId`, `locale`, `urlFormat`, `nestedUrlFormat`, `dateCreated`, `dateUpdated`, `uid`) VALUES ('1', '1', 'en_us', '__home__', NULL, '2014-02-27 02:47:51', '2014-02-27 02:47:51', 'c545167d-e28c-467f-8718-a6ed558ca548');
INSERT INTO `craft_sections_i18n` (`id`, `sectionId`, `locale`, `urlFormat`, `nestedUrlFormat`, `dateCreated`, `dateUpdated`, `uid`) VALUES ('2', '2', 'en_us', 'news/{postDate.year}/{slug}', NULL, '2014-02-27 02:47:52', '2014-02-27 02:47:52', '6b12cab9-2855-4720-8675-f71c2c188502');
INSERT INTO `craft_sections_i18n` (`id`, `sectionId`, `locale`, `urlFormat`, `nestedUrlFormat`, `dateCreated`, `dateUpdated`, `uid`) VALUES ('3', '3', 'en_us', 'about', NULL, '2014-02-27 05:06:12', '2014-02-27 05:06:12', '7155264a-6d19-4ab9-9ff0-922256e6230c');
INSERT INTO `craft_sections_i18n` (`id`, `sectionId`, `locale`, `urlFormat`, `nestedUrlFormat`, `dateCreated`, `dateUpdated`, `uid`) VALUES ('4', '4', 'en_us', 'blog/{slug}', NULL, '2014-02-27 05:31:11', '2014-02-27 05:31:11', '75d089ec-b0d9-43df-93cf-38d055af8393');
INSERT INTO `craft_sections_i18n` (`id`, `sectionId`, `locale`, `urlFormat`, `nestedUrlFormat`, `dateCreated`, `dateUpdated`, `uid`) VALUES ('5', '5', 'en_us', 'contact', NULL, '2014-02-27 06:49:27', '2014-02-27 06:49:27', '1534626c-4857-450b-b63e-ecc7f468ebe8');



--
-- Schema for table `craft_sessions`
--

DROP TABLE IF EXISTS `craft_sessions`;

CREATE TABLE `craft_sessions` (
  `id` int(11) NOT NULL AUTO_INCREMENT,
  `userId` int(11) NOT NULL,
  `token` char(100) COLLATE utf8_unicode_ci NOT NULL,
  `dateCreated` datetime NOT NULL,
  `dateUpdated` datetime NOT NULL,
  `uid` char(36) COLLATE utf8_unicode_ci NOT NULL DEFAULT '0',
  PRIMARY KEY (`id`),
  KEY `craft_sessions_uid_idx` (`uid`),
  KEY `craft_sessions_token_idx` (`token`),
  KEY `craft_sessions_dateUpdated_idx` (`dateUpdated`),
  KEY `craft_sessions_userId_fk` (`userId`)
) ENGINE=InnoDB AUTO_INCREMENT=3 DEFAULT CHARSET=utf8 COLLATE=utf8_unicode_ci;

--
-- Data for table `craft_sessions`
--

INSERT INTO `craft_sessions` (`id`, `userId`, `token`, `dateCreated`, `dateUpdated`, `uid`) VALUES ('1', '1', '34b16b94f483cdca9dad562ce049c43515d08d07czozNjoiNDRmNTA1ZGUtZmRkNy00N2ViLTgwNWYtOWVlMGFhZjhhYWM2Ijs=', '2014-02-27 02:47:51', '2014-02-27 02:47:51', 'd909b4c4-f7a9-40b3-b0d6-31dfc38e6d34');
INSERT INTO `craft_sessions` (`id`, `userId`, `token`, `dateCreated`, `dateUpdated`, `uid`) VALUES ('2', '1', 'ad5f5fe96b9c07752912282160351f5fe3a89c09czozNjoiNjQ1ZDY4YzgtNzFjMC00NWQxLTkzYmYtMjM1MzA0YTY5MDcyIjs=', '2014-02-27 04:01:23', '2014-02-28 03:37:01', 'dfca504b-0529-4228-bcd1-d8acdce4378a');



--
-- Schema for table `craft_shunnedmessages`
--

DROP TABLE IF EXISTS `craft_shunnedmessages`;

CREATE TABLE `craft_shunnedmessages` (
  `id` int(11) NOT NULL AUTO_INCREMENT,
  `userId` int(11) NOT NULL,
  `message` varchar(255) COLLATE utf8_unicode_ci NOT NULL,
  `expiryDate` datetime DEFAULT NULL,
  `dateCreated` datetime NOT NULL,
  `dateUpdated` datetime NOT NULL,
  `uid` char(36) COLLATE utf8_unicode_ci NOT NULL DEFAULT '0',
  PRIMARY KEY (`id`),
  UNIQUE KEY `craft_shunnedmessages_userId_message_unq_idx` (`userId`,`message`)
) ENGINE=InnoDB DEFAULT CHARSET=utf8 COLLATE=utf8_unicode_ci;

--
-- Schema for table `craft_systemsettings`
--

DROP TABLE IF EXISTS `craft_systemsettings`;

CREATE TABLE `craft_systemsettings` (
  `id` int(11) NOT NULL AUTO_INCREMENT,
  `category` varchar(15) COLLATE utf8_unicode_ci NOT NULL,
  `settings` text COLLATE utf8_unicode_ci,
  `dateCreated` datetime NOT NULL,
  `dateUpdated` datetime NOT NULL,
  `uid` char(36) COLLATE utf8_unicode_ci NOT NULL DEFAULT '0',
  PRIMARY KEY (`id`),
  UNIQUE KEY `craft_systemsettings_category_unq_idx` (`category`)
) ENGINE=InnoDB AUTO_INCREMENT=2 DEFAULT CHARSET=utf8 COLLATE=utf8_unicode_ci;

--
-- Data for table `craft_systemsettings`
--

INSERT INTO `craft_systemsettings` (`id`, `category`, `settings`, `dateCreated`, `dateUpdated`, `uid`) VALUES ('1', 'email', '{\"protocol\":\"php\",\"emailAddress\":\"ryan@ryanbelisle.com\",\"senderName\":\"Ryan Belisle\"}', '2014-02-27 02:47:51', '2014-02-27 02:47:51', '6c626c12-1120-4a71-b5f9-4c056b759ef0');



--
-- Schema for table `craft_tags`
--

DROP TABLE IF EXISTS `craft_tags`;

CREATE TABLE `craft_tags` (
  `id` int(11) NOT NULL,
  `setId` int(11) NOT NULL,
  `name` varchar(255) COLLATE utf8_unicode_ci NOT NULL,
  `dateCreated` datetime NOT NULL,
  `dateUpdated` datetime NOT NULL,
  `uid` char(36) COLLATE utf8_unicode_ci NOT NULL DEFAULT '0',
  PRIMARY KEY (`id`),
  UNIQUE KEY `craft_tags_setId_name_unq_idx` (`setId`,`name`)
) ENGINE=InnoDB DEFAULT CHARSET=utf8 COLLATE=utf8_unicode_ci;

--
-- Schema for table `craft_tagsets`
--

DROP TABLE IF EXISTS `craft_tagsets`;

CREATE TABLE `craft_tagsets` (
  `id` int(11) NOT NULL AUTO_INCREMENT,
  `name` varchar(255) COLLATE utf8_unicode_ci NOT NULL,
  `handle` varchar(255) COLLATE utf8_unicode_ci NOT NULL,
  `fieldLayoutId` int(10) DEFAULT NULL,
  `dateCreated` datetime NOT NULL,
  `dateUpdated` datetime NOT NULL,
  `uid` char(36) COLLATE utf8_unicode_ci NOT NULL DEFAULT '0',
  PRIMARY KEY (`id`),
  UNIQUE KEY `craft_tagsets_name_unq_idx` (`name`),
  UNIQUE KEY `craft_tagsets_handle_unq_idx` (`handle`),
  KEY `craft_tagsets_fieldLayoutId_fk` (`fieldLayoutId`)
) ENGINE=InnoDB AUTO_INCREMENT=2 DEFAULT CHARSET=utf8 COLLATE=utf8_unicode_ci;

--
-- Data for table `craft_tagsets`
--

INSERT INTO `craft_tagsets` (`id`, `name`, `handle`, `fieldLayoutId`, `dateCreated`, `dateUpdated`, `uid`) VALUES ('1', 'Default', 'default', '1', '2014-02-27 02:47:51', '2014-02-27 02:47:51', '40d1a695-1584-4730-a7d2-9e9d93d39eb9');



--
-- Schema for table `craft_usergroups`
--

DROP TABLE IF EXISTS `craft_usergroups`;

CREATE TABLE `craft_usergroups` (
  `id` int(11) NOT NULL AUTO_INCREMENT,
  `name` varchar(255) COLLATE utf8_unicode_ci NOT NULL,
  `handle` varchar(255) COLLATE utf8_unicode_ci NOT NULL,
  `dateCreated` datetime NOT NULL,
  `dateUpdated` datetime NOT NULL,
  `uid` char(36) COLLATE utf8_unicode_ci NOT NULL DEFAULT '0',
  PRIMARY KEY (`id`)
) ENGINE=InnoDB DEFAULT CHARSET=utf8 COLLATE=utf8_unicode_ci;

--
-- Schema for table `craft_usergroups_users`
--

DROP TABLE IF EXISTS `craft_usergroups_users`;

CREATE TABLE `craft_usergroups_users` (
  `id` int(11) NOT NULL AUTO_INCREMENT,
  `groupId` int(11) NOT NULL,
  `userId` int(11) NOT NULL,
  `dateCreated` datetime NOT NULL,
  `dateUpdated` datetime NOT NULL,
  `uid` char(36) COLLATE utf8_unicode_ci NOT NULL DEFAULT '0',
  PRIMARY KEY (`id`),
  UNIQUE KEY `craft_usergroups_users_groupId_userId_unq_idx` (`groupId`,`userId`),
  KEY `craft_usergroups_users_userId_fk` (`userId`)
) ENGINE=InnoDB DEFAULT CHARSET=utf8 COLLATE=utf8_unicode_ci;

--
-- Schema for table `craft_userpermissions`
--

DROP TABLE IF EXISTS `craft_userpermissions`;

CREATE TABLE `craft_userpermissions` (
  `id` int(11) NOT NULL AUTO_INCREMENT,
  `name` varchar(255) COLLATE utf8_unicode_ci NOT NULL,
  `dateCreated` datetime NOT NULL,
  `dateUpdated` datetime NOT NULL,
  `uid` char(36) COLLATE utf8_unicode_ci NOT NULL DEFAULT '0',
  PRIMARY KEY (`id`),
  UNIQUE KEY `craft_userpermissions_name_unq_idx` (`name`)
) ENGINE=InnoDB DEFAULT CHARSET=utf8 COLLATE=utf8_unicode_ci;

--
-- Schema for table `craft_userpermissions_usergroups`
--

DROP TABLE IF EXISTS `craft_userpermissions_usergroups`;

CREATE TABLE `craft_userpermissions_usergroups` (
  `id` int(11) NOT NULL AUTO_INCREMENT,
  `permissionId` int(11) NOT NULL,
  `groupId` int(11) NOT NULL,
  `dateCreated` datetime NOT NULL,
  `dateUpdated` datetime NOT NULL,
  `uid` char(36) COLLATE utf8_unicode_ci NOT NULL DEFAULT '0',
  PRIMARY KEY (`id`),
  UNIQUE KEY `craft_userpermissions_usergroups_permissionId_groupId_unq_idx` (`permissionId`,`groupId`),
  KEY `craft_userpermissions_usergroups_groupId_fk` (`groupId`)
) ENGINE=InnoDB DEFAULT CHARSET=utf8 COLLATE=utf8_unicode_ci;

--
-- Schema for table `craft_userpermissions_users`
--

DROP TABLE IF EXISTS `craft_userpermissions_users`;

CREATE TABLE `craft_userpermissions_users` (
  `id` int(11) NOT NULL AUTO_INCREMENT,
  `permissionId` int(11) NOT NULL,
  `userId` int(11) NOT NULL,
  `dateCreated` datetime NOT NULL,
  `dateUpdated` datetime NOT NULL,
  `uid` char(36) COLLATE utf8_unicode_ci NOT NULL DEFAULT '0',
  PRIMARY KEY (`id`),
  UNIQUE KEY `craft_userpermissions_users_permissionId_userId_unq_idx` (`permissionId`,`userId`),
  KEY `craft_userpermissions_users_userId_fk` (`userId`)
) ENGINE=InnoDB DEFAULT CHARSET=utf8 COLLATE=utf8_unicode_ci;

--
-- Schema for table `craft_users`
--

DROP TABLE IF EXISTS `craft_users`;

CREATE TABLE `craft_users` (
  `id` int(11) NOT NULL,
  `username` varchar(100) COLLATE utf8_unicode_ci NOT NULL,
  `photo` varchar(50) COLLATE utf8_unicode_ci DEFAULT NULL,
  `firstName` varchar(100) COLLATE utf8_unicode_ci DEFAULT NULL,
  `lastName` varchar(100) COLLATE utf8_unicode_ci DEFAULT NULL,
  `email` varchar(255) COLLATE utf8_unicode_ci NOT NULL,
  `password` char(255) COLLATE utf8_unicode_ci DEFAULT NULL,
  `preferredLocale` char(12) COLLATE utf8_unicode_ci DEFAULT NULL,
  `admin` tinyint(1) unsigned NOT NULL DEFAULT '0',
  `status` enum('locked','suspended','pending','active','archived') COLLATE utf8_unicode_ci DEFAULT 'pending',
  `lastLoginDate` datetime DEFAULT NULL,
  `lastLoginAttemptIPAddress` varchar(45) COLLATE utf8_unicode_ci DEFAULT NULL,
  `invalidLoginWindowStart` datetime DEFAULT NULL,
  `invalidLoginCount` tinyint(4) unsigned DEFAULT NULL,
  `lastInvalidLoginDate` datetime DEFAULT NULL,
  `lockoutDate` datetime DEFAULT NULL,
  `verificationCode` char(100) COLLATE utf8_unicode_ci DEFAULT NULL,
  `verificationCodeIssuedDate` datetime DEFAULT NULL,
  `passwordResetRequired` tinyint(1) unsigned NOT NULL DEFAULT '0',
  `lastPasswordChangeDate` datetime DEFAULT NULL,
  `dateCreated` datetime NOT NULL,
  `dateUpdated` datetime NOT NULL,
  `uid` char(36) COLLATE utf8_unicode_ci NOT NULL DEFAULT '0',
  PRIMARY KEY (`id`),
  UNIQUE KEY `craft_users_username_unq_idx` (`username`),
  UNIQUE KEY `craft_users_email_unq_idx` (`email`),
  KEY `craft_users_verificationCode_idx` (`verificationCode`),
  KEY `craft_users_uid_idx` (`uid`),
  KEY `craft_users_preferredLocale_fk` (`preferredLocale`)
) ENGINE=InnoDB DEFAULT CHARSET=utf8 COLLATE=utf8_unicode_ci;

--
-- Data for table `craft_users`
--

INSERT INTO `craft_users` (`id`, `username`, `photo`, `firstName`, `lastName`, `email`, `password`, `preferredLocale`, `admin`, `status`, `lastLoginDate`, `lastLoginAttemptIPAddress`, `invalidLoginWindowStart`, `invalidLoginCount`, `lastInvalidLoginDate`, `lockoutDate`, `verificationCode`, `verificationCodeIssuedDate`, `passwordResetRequired`, `lastPasswordChangeDate`, `dateCreated`, `dateUpdated`, `uid`) VALUES ('1', 'ryanbelisle', NULL, 'Ryan', 'Belisle', 'ryan@ryanbelisle.com', '$2a$13$kIgocgrQlS9t61c71XhyjeFrvEd8eJ3CrT5jIMPgl1Y8DkU8Mqroy', NULL, '1', 'active', '2014-02-27 04:01:23', '127.0.0.1', NULL, NULL, NULL, NULL, NULL, NULL, '0', '2014-02-27 02:47:50', '2014-02-27 02:47:50', '2014-02-27 06:29:58', 'b93a969a-f359-4bc4-9c5a-1b1dc3996a50');



--
-- Schema for table `craft_widgets`
--

DROP TABLE IF EXISTS `craft_widgets`;

CREATE TABLE `craft_widgets` (
  `id` int(11) NOT NULL AUTO_INCREMENT,
  `userId` int(11) NOT NULL,
  `type` char(150) COLLATE utf8_unicode_ci NOT NULL,
  `sortOrder` tinyint(4) DEFAULT NULL,
  `settings` text COLLATE utf8_unicode_ci,
  `enabled` tinyint(1) unsigned NOT NULL DEFAULT '1',
  `dateCreated` datetime NOT NULL,
  `dateUpdated` datetime NOT NULL,
  `uid` char(36) COLLATE utf8_unicode_ci NOT NULL DEFAULT '0',
  PRIMARY KEY (`id`),
  KEY `craft_widgets_userId_fk` (`userId`)
) ENGINE=InnoDB AUTO_INCREMENT=6 DEFAULT CHARSET=utf8 COLLATE=utf8_unicode_ci;

--
-- Data for table `craft_widgets`
--

INSERT INTO `craft_widgets` (`id`, `userId`, `type`, `sortOrder`, `settings`, `enabled`, `dateCreated`, `dateUpdated`, `uid`) VALUES ('1', '1', 'QuickPost', '1', '{\"section\":\"2\"}', '1', '2014-02-27 02:48:20', '2014-02-27 02:48:20', '0ef75456-d093-4832-b986-5ef86952f1ac');
INSERT INTO `craft_widgets` (`id`, `userId`, `type`, `sortOrder`, `settings`, `enabled`, `dateCreated`, `dateUpdated`, `uid`) VALUES ('2', '1', 'RecentEntries', '2', NULL, '1', '2014-02-27 02:48:20', '2014-02-27 02:48:20', 'b4d5ee1e-9e0e-485f-86cb-002808d98b18');
INSERT INTO `craft_widgets` (`id`, `userId`, `type`, `sortOrder`, `settings`, `enabled`, `dateCreated`, `dateUpdated`, `uid`) VALUES ('3', '1', 'GetHelp', '3', NULL, '1', '2014-02-27 02:48:20', '2014-02-27 02:48:20', 'c478b0ea-3fe9-43cf-a4de-d171d5e6bc82');
INSERT INTO `craft_widgets` (`id`, `userId`, `type`, `sortOrder`, `settings`, `enabled`, `dateCreated`, `dateUpdated`, `uid`) VALUES ('4', '1', 'Updates', '4', NULL, '1', '2014-02-27 02:48:20', '2014-02-27 02:48:20', '544d623c-8b16-4d80-b967-bbe1c852c922');
INSERT INTO `craft_widgets` (`id`, `userId`, `type`, `sortOrder`, `settings`, `enabled`, `dateCreated`, `dateUpdated`, `uid`) VALUES ('5', '1', 'Feed', '5', '{\"url\":\"http:\\/\\/feeds.feedburner.com\\/blogandtonic\",\"title\":\"Blog & Tonic\"}', '1', '2014-02-27 02:48:20', '2014-02-27 02:48:20', 'ece2d1a9-71bd-4921-87c1-5a85fa480961');


--
-- Constraints for tables
--


--
-- Constraints for table `craft_assetfiles`
--
ALTER TABLE `craft_assetfiles`
	ADD CONSTRAINT `craft_assetfiles_folderId_fk` FOREIGN KEY (`folderId`) REFERENCES `craft_assetfolders` (`id`) ON DELETE CASCADE,
	ADD CONSTRAINT `craft_assetfiles_id_fk` FOREIGN KEY (`id`) REFERENCES `craft_elements` (`id`) ON DELETE CASCADE,
	ADD CONSTRAINT `craft_assetfiles_sourceId_fk` FOREIGN KEY (`sourceId`) REFERENCES `craft_assetsources` (`id`) ON DELETE CASCADE;

--
-- Constraints for table `craft_assetfolders`
--
ALTER TABLE `craft_assetfolders`
	ADD CONSTRAINT `craft_assetfolders_parentId_fk` FOREIGN KEY (`parentId`) REFERENCES `craft_assetfolders` (`id`) ON DELETE CASCADE,
	ADD CONSTRAINT `craft_assetfolders_sourceId_fk` FOREIGN KEY (`sourceId`) REFERENCES `craft_assetsources` (`id`) ON DELETE CASCADE;

--
-- Constraints for table `craft_assetindexdata`
--
ALTER TABLE `craft_assetindexdata`
	ADD CONSTRAINT `craft_assetindexdata_sourceId_fk` FOREIGN KEY (`sourceId`) REFERENCES `craft_assetsources` (`id`) ON DELETE CASCADE;

--
-- Constraints for table `craft_content`
--
ALTER TABLE `craft_content`
	ADD CONSTRAINT `craft_content_elementId_fk` FOREIGN KEY (`elementId`) REFERENCES `craft_elements` (`id`) ON DELETE CASCADE,
	ADD CONSTRAINT `craft_content_locale_fk` FOREIGN KEY (`locale`) REFERENCES `craft_locales` (`locale`) ON DELETE CASCADE ON UPDATE CASCADE;

--
-- Constraints for table `craft_elements_i18n`
--
ALTER TABLE `craft_elements_i18n`
	ADD CONSTRAINT `craft_elements_i18n_elementId_fk` FOREIGN KEY (`elementId`) REFERENCES `craft_elements` (`id`) ON DELETE CASCADE,
	ADD CONSTRAINT `craft_elements_i18n_locale_fk` FOREIGN KEY (`locale`) REFERENCES `craft_locales` (`locale`) ON DELETE CASCADE ON UPDATE CASCADE;

--
-- Constraints for table `craft_emailmessages`
--
ALTER TABLE `craft_emailmessages`
	ADD CONSTRAINT `craft_emailmessages_locale_fk` FOREIGN KEY (`locale`) REFERENCES `craft_locales` (`locale`) ON DELETE CASCADE ON UPDATE CASCADE;

--
-- Constraints for table `craft_entries`
--
ALTER TABLE `craft_entries`
	ADD CONSTRAINT `craft_entries_authorId_fk` FOREIGN KEY (`authorId`) REFERENCES `craft_users` (`id`) ON DELETE CASCADE,
	ADD CONSTRAINT `craft_entries_id_fk` FOREIGN KEY (`id`) REFERENCES `craft_elements` (`id`) ON DELETE CASCADE,
	ADD CONSTRAINT `craft_entries_sectionId_fk` FOREIGN KEY (`sectionId`) REFERENCES `craft_sections` (`id`) ON DELETE CASCADE,
	ADD CONSTRAINT `craft_entries_typeId_fk` FOREIGN KEY (`typeId`) REFERENCES `craft_entrytypes` (`id`) ON DELETE CASCADE;

--
-- Constraints for table `craft_entries_i18n`
--
ALTER TABLE `craft_entries_i18n`
	ADD CONSTRAINT `craft_entries_i18n_entryId_fk` FOREIGN KEY (`entryId`) REFERENCES `craft_entries` (`id`) ON DELETE CASCADE,
	ADD CONSTRAINT `craft_entries_i18n_locale_fk` FOREIGN KEY (`locale`) REFERENCES `craft_locales` (`locale`) ON DELETE CASCADE ON UPDATE CASCADE,
	ADD CONSTRAINT `craft_entries_i18n_sectionId_fk` FOREIGN KEY (`sectionId`) REFERENCES `craft_sections` (`id`) ON DELETE CASCADE;

--
-- Constraints for table `craft_entrydrafts`
--
ALTER TABLE `craft_entrydrafts`
	ADD CONSTRAINT `craft_entrydrafts_creatorId_fk` FOREIGN KEY (`creatorId`) REFERENCES `craft_users` (`id`) ON DELETE CASCADE,
	ADD CONSTRAINT `craft_entrydrafts_entryId_fk` FOREIGN KEY (`entryId`) REFERENCES `craft_entries` (`id`) ON DELETE CASCADE,
	ADD CONSTRAINT `craft_entrydrafts_locale_fk` FOREIGN KEY (`locale`) REFERENCES `craft_locales` (`locale`) ON DELETE CASCADE ON UPDATE CASCADE,
	ADD CONSTRAINT `craft_entrydrafts_sectionId_fk` FOREIGN KEY (`sectionId`) REFERENCES `craft_sections` (`id`) ON DELETE CASCADE;

--
-- Constraints for table `craft_entrytypes`
--
ALTER TABLE `craft_entrytypes`
	ADD CONSTRAINT `craft_entrytypes_fieldLayoutId_fk` FOREIGN KEY (`fieldLayoutId`) REFERENCES `craft_fieldlayouts` (`id`) ON DELETE SET NULL,
	ADD CONSTRAINT `craft_entrytypes_sectionId_fk` FOREIGN KEY (`sectionId`) REFERENCES `craft_sections` (`id`) ON DELETE CASCADE;

--
-- Constraints for table `craft_entryversions`
--
ALTER TABLE `craft_entryversions`
	ADD CONSTRAINT `craft_entryversions_creatorId_fk` FOREIGN KEY (`creatorId`) REFERENCES `craft_users` (`id`) ON DELETE SET NULL,
	ADD CONSTRAINT `craft_entryversions_entryId_fk` FOREIGN KEY (`entryId`) REFERENCES `craft_entries` (`id`) ON DELETE CASCADE,
	ADD CONSTRAINT `craft_entryversions_locale_fk` FOREIGN KEY (`locale`) REFERENCES `craft_locales` (`locale`) ON DELETE CASCADE ON UPDATE CASCADE,
	ADD CONSTRAINT `craft_entryversions_sectionId_fk` FOREIGN KEY (`sectionId`) REFERENCES `craft_sections` (`id`) ON DELETE CASCADE;

--
-- Constraints for table `craft_fieldlayoutfields`
--
ALTER TABLE `craft_fieldlayoutfields`
	ADD CONSTRAINT `craft_fieldlayoutfields_fieldId_fk` FOREIGN KEY (`fieldId`) REFERENCES `craft_fields` (`id`) ON DELETE CASCADE,
	ADD CONSTRAINT `craft_fieldlayoutfields_layoutId_fk` FOREIGN KEY (`layoutId`) REFERENCES `craft_fieldlayouts` (`id`) ON DELETE CASCADE,
	ADD CONSTRAINT `craft_fieldlayoutfields_tabId_fk` FOREIGN KEY (`tabId`) REFERENCES `craft_fieldlayouttabs` (`id`) ON DELETE CASCADE;

--
-- Constraints for table `craft_fieldlayouttabs`
--
ALTER TABLE `craft_fieldlayouttabs`
	ADD CONSTRAINT `craft_fieldlayouttabs_layoutId_fk` FOREIGN KEY (`layoutId`) REFERENCES `craft_fieldlayouts` (`id`) ON DELETE CASCADE;

--
-- Constraints for table `craft_fields`
--
ALTER TABLE `craft_fields`
	ADD CONSTRAINT `craft_fields_groupId_fk` FOREIGN KEY (`groupId`) REFERENCES `craft_fieldgroups` (`id`) ON DELETE CASCADE;

--
-- Constraints for table `craft_globalsets`
--
ALTER TABLE `craft_globalsets`
	ADD CONSTRAINT `craft_globalsets_fieldLayoutId_fk` FOREIGN KEY (`fieldLayoutId`) REFERENCES `craft_fieldlayouts` (`id`) ON DELETE SET NULL,
	ADD CONSTRAINT `craft_globalsets_id_fk` FOREIGN KEY (`id`) REFERENCES `craft_elements` (`id`) ON DELETE CASCADE;

--
-- Constraints for table `craft_matrixblocks`
--
ALTER TABLE `craft_matrixblocks`
	ADD CONSTRAINT `craft_matrixblocks_fieldId_fk` FOREIGN KEY (`fieldId`) REFERENCES `craft_fields` (`id`) ON DELETE CASCADE,
	ADD CONSTRAINT `craft_matrixblocks_id_fk` FOREIGN KEY (`id`) REFERENCES `craft_elements` (`id`) ON DELETE CASCADE,
	ADD CONSTRAINT `craft_matrixblocks_ownerId_fk` FOREIGN KEY (`ownerId`) REFERENCES `craft_elements` (`id`) ON DELETE CASCADE,
	ADD CONSTRAINT `craft_matrixblocks_typeId_fk` FOREIGN KEY (`typeId`) REFERENCES `craft_matrixblocktypes` (`id`) ON DELETE CASCADE;

--
-- Constraints for table `craft_matrixblocktypes`
--
ALTER TABLE `craft_matrixblocktypes`
	ADD CONSTRAINT `craft_matrixblocktypes_fieldId_fk` FOREIGN KEY (`fieldId`) REFERENCES `craft_fields` (`id`) ON DELETE CASCADE,
	ADD CONSTRAINT `craft_matrixblocktypes_fieldLayoutId_fk` FOREIGN KEY (`fieldLayoutId`) REFERENCES `craft_fieldlayouts` (`id`) ON DELETE SET NULL;

--
-- Constraints for table `craft_migrations`
--
ALTER TABLE `craft_migrations`
	ADD CONSTRAINT `craft_migrations_pluginId_fk` FOREIGN KEY (`pluginId`) REFERENCES `craft_plugins` (`id`) ON DELETE CASCADE;

--
-- Constraints for table `craft_relations`
--
ALTER TABLE `craft_relations`
	ADD CONSTRAINT `craft_relations_fieldId_fk` FOREIGN KEY (`fieldId`) REFERENCES `craft_fields` (`id`) ON DELETE CASCADE,
	ADD CONSTRAINT `craft_relations_sourceId_fk` FOREIGN KEY (`sourceId`) REFERENCES `craft_elements` (`id`) ON DELETE CASCADE,
	ADD CONSTRAINT `craft_relations_targetId_fk` FOREIGN KEY (`targetId`) REFERENCES `craft_elements` (`id`) ON DELETE CASCADE;

--
-- Constraints for table `craft_sections_i18n`
--
ALTER TABLE `craft_sections_i18n`
	ADD CONSTRAINT `craft_sections_i18n_locale_fk` FOREIGN KEY (`locale`) REFERENCES `craft_locales` (`locale`) ON DELETE CASCADE ON UPDATE CASCADE,
	ADD CONSTRAINT `craft_sections_i18n_sectionId_fk` FOREIGN KEY (`sectionId`) REFERENCES `craft_sections` (`id`) ON DELETE CASCADE;

--
-- Constraints for table `craft_sessions`
--
ALTER TABLE `craft_sessions`
	ADD CONSTRAINT `craft_sessions_userId_fk` FOREIGN KEY (`userId`) REFERENCES `craft_users` (`id`) ON DELETE CASCADE;

--
-- Constraints for table `craft_shunnedmessages`
--
ALTER TABLE `craft_shunnedmessages`
	ADD CONSTRAINT `craft_shunnedmessages_userId_fk` FOREIGN KEY (`userId`) REFERENCES `craft_users` (`id`) ON DELETE CASCADE;

--
-- Constraints for table `craft_tags`
--
ALTER TABLE `craft_tags`
	ADD CONSTRAINT `craft_tags_id_fk` FOREIGN KEY (`id`) REFERENCES `craft_elements` (`id`) ON DELETE CASCADE,
	ADD CONSTRAINT `craft_tags_setId_fk` FOREIGN KEY (`setId`) REFERENCES `craft_tagsets` (`id`) ON DELETE CASCADE;

--
-- Constraints for table `craft_tagsets`
--
ALTER TABLE `craft_tagsets`
	ADD CONSTRAINT `craft_tagsets_fieldLayoutId_fk` FOREIGN KEY (`fieldLayoutId`) REFERENCES `craft_fieldlayouts` (`id`) ON DELETE SET NULL;

--
-- Constraints for table `craft_usergroups_users`
--
ALTER TABLE `craft_usergroups_users`
	ADD CONSTRAINT `craft_usergroups_users_groupId_fk` FOREIGN KEY (`groupId`) REFERENCES `craft_usergroups` (`id`) ON DELETE CASCADE,
	ADD CONSTRAINT `craft_usergroups_users_userId_fk` FOREIGN KEY (`userId`) REFERENCES `craft_users` (`id`) ON DELETE CASCADE;

--
-- Constraints for table `craft_userpermissions_usergroups`
--
ALTER TABLE `craft_userpermissions_usergroups`
	ADD CONSTRAINT `craft_userpermissions_usergroups_groupId_fk` FOREIGN KEY (`groupId`) REFERENCES `craft_usergroups` (`id`) ON DELETE CASCADE,
	ADD CONSTRAINT `craft_userpermissions_usergroups_permissionId_fk` FOREIGN KEY (`permissionId`) REFERENCES `craft_userpermissions` (`id`) ON DELETE CASCADE;

--
-- Constraints for table `craft_userpermissions_users`
--
ALTER TABLE `craft_userpermissions_users`
	ADD CONSTRAINT `craft_userpermissions_users_permissionId_fk` FOREIGN KEY (`permissionId`) REFERENCES `craft_userpermissions` (`id`) ON DELETE CASCADE,
	ADD CONSTRAINT `craft_userpermissions_users_userId_fk` FOREIGN KEY (`userId`) REFERENCES `craft_users` (`id`) ON DELETE CASCADE;

--
-- Constraints for table `craft_users`
--
ALTER TABLE `craft_users`
	ADD CONSTRAINT `craft_users_id_fk` FOREIGN KEY (`id`) REFERENCES `craft_elements` (`id`) ON DELETE CASCADE,
	ADD CONSTRAINT `craft_users_preferredLocale_fk` FOREIGN KEY (`preferredLocale`) REFERENCES `craft_locales` (`locale`) ON DELETE SET NULL ON UPDATE CASCADE;

--
-- Constraints for table `craft_widgets`
--
ALTER TABLE `craft_widgets`
	ADD CONSTRAINT `craft_widgets_userId_fk` FOREIGN KEY (`userId`) REFERENCES `craft_users` (`id`) ON DELETE CASCADE;

SET FOREIGN_KEY_CHECKS = 1;
